run_id,service_id,incident_id,incident_type,detected,lead_minutes,partition,candidate
heldout_regime-606,api-gateway,incident-0003,database_degradation,True,0.5733231166666666,heldout_regime,boosting_raw
heldout_regime-606,api-gateway,incident-0005,cpu_saturation,True,9.82516465,heldout_regime,boosting_raw
heldout_regime-606,api-gateway,incident-0008,cpu_saturation,True,9.601714533333334,heldout_regime,boosting_raw
heldout_regime-606,api-gateway,incident-0013,database_degradation,True,1.5852498,heldout_regime,boosting_raw
heldout_regime-606,api-gateway,incident-0017,database_degradation,True,7.609273150000001,heldout_regime,boosting_raw
heldout_regime-606,api-gateway,incident-0021,database_degradation,False,,heldout_regime,boosting_raw
heldout_regime-606,api-gateway,incident-0025,traffic_overload,True,3.5070879,heldout_regime,boosting_raw
heldout_regime-606,api-gateway,incident-0028,traffic_overload,True,8.281430649999999,heldout_regime,boosting_raw
heldout_regime-606,api-gateway,incident-0030,traffic_overload,True,9.780315566666667,heldout_regime,boosting_raw
heldout_regime-606,api-gateway,incident-0033,cpu_saturation,True,8.12669515,heldout_regime,boosting_raw
heldout_regime-606,api-gateway,incident-0039,memory_leak,True,9.54828285,heldout_regime,boosting_raw
heldout_regime-606,api-gateway,incident-0043,database_degradation,False,,heldout_regime,boosting_raw
heldout_regime-606,api-gateway,incident-0047,cpu_saturation,True,9.303929516666667,heldout_regime,boosting_raw
heldout_regime-606,api-gateway,incident-0051,traffic_overload,True,5.8494068,heldout_regime,boosting_raw
heldout_regime-606,api-gateway,incident-0057,database_degradation,False,,heldout_regime,boosting_raw
heldout_regime-606,api-gateway,incident-0060,traffic_overload,True,9.94214865,heldout_regime,boosting_raw
heldout_regime-606,api-gateway,incident-0063,memory_leak,True,0.7941664166666667,heldout_regime,boosting_raw
heldout_regime-606,api-gateway,incident-0067,traffic_overload,False,,heldout_regime,boosting_raw
heldout_regime-606,api-gateway,incident-0071,cpu_saturation,False,,heldout_regime,boosting_raw
heldout_regime-606,api-gateway,incident-0076,cpu_saturation,True,9.095641883333334,heldout_regime,boosting_raw
heldout_regime-606,api-gateway,incident-0081,database_degradation,True,5.020766083333333,heldout_regime,boosting_raw
heldout_regime-606,api-gateway,incident-0086,traffic_overload,False,,heldout_regime,boosting_raw
heldout_regime-606,api-gateway,incident-0091,database_degradation,True,1.69849555,heldout_regime,boosting_raw
heldout_regime-606,api-gateway,incident-0093,memory_leak,False,,heldout_regime,boosting_raw
heldout_regime-606,api-gateway,incident-0096,database_degradation,True,1.21072125,heldout_regime,boosting_raw
heldout_regime-606,api-gateway,incident-0100,database_degradation,True,0.29190853333333333,heldout_regime,boosting_raw
heldout_regime-606,auth-service,incident-0002,memory_leak,True,9.3075981,heldout_regime,boosting_raw
heldout_regime-606,auth-service,incident-0007,database_degradation,False,,heldout_regime,boosting_raw
heldout_regime-606,auth-service,incident-0011,database_degradation,True,0.58125585,heldout_regime,boosting_raw
heldout_regime-606,auth-service,incident-0016,cpu_saturation,False,,heldout_regime,boosting_raw
heldout_regime-606,auth-service,incident-0020,memory_leak,False,,heldout_regime,boosting_raw
heldout_regime-606,auth-service,incident-0022,traffic_overload,False,,heldout_regime,boosting_raw
heldout_regime-606,auth-service,incident-0026,cpu_saturation,False,,heldout_regime,boosting_raw
heldout_regime-606,auth-service,incident-0031,cpu_saturation,False,,heldout_regime,boosting_raw
heldout_regime-606,auth-service,incident-0035,memory_leak,False,,heldout_regime,boosting_raw
heldout_regime-606,auth-service,incident-0037,traffic_overload,False,,heldout_regime,boosting_raw
heldout_regime-606,auth-service,incident-0041,traffic_overload,True,1.8816184666666667,heldout_regime,boosting_raw
heldout_regime-606,auth-service,incident-0045,traffic_overload,False,,heldout_regime,boosting_raw
heldout_regime-606,auth-service,incident-0049,cpu_saturation,True,7.9580607500000005,heldout_regime,boosting_raw
heldout_regime-606,auth-service,incident-0052,cpu_saturation,False,,heldout_regime,boosting_raw
heldout_regime-606,auth-service,incident-0055,memory_leak,False,,heldout_regime,boosting_raw
heldout_regime-606,auth-service,incident-0059,traffic_overload,False,,heldout_regime,boosting_raw
heldout_regime-606,auth-service,incident-0064,database_degradation,True,9.175800883333332,heldout_regime,boosting_raw
heldout_regime-606,auth-service,incident-0068,cpu_saturation,False,,heldout_regime,boosting_raw
heldout_regime-606,auth-service,incident-0072,cpu_saturation,True,1.2247558,heldout_regime,boosting_raw
heldout_regime-606,auth-service,incident-0075,traffic_overload,True,8.675952416666666,heldout_regime,boosting_raw
heldout_regime-606,auth-service,incident-0079,memory_leak,True,9.05078425,heldout_regime,boosting_raw
heldout_regime-606,auth-service,incident-0083,traffic_overload,True,8.34639975,heldout_regime,boosting_raw
heldout_regime-606,auth-service,incident-0084,memory_leak,True,9.873183166666667,heldout_regime,boosting_raw
heldout_regime-606,auth-service,incident-0088,memory_leak,True,7.424484766666667,heldout_regime,boosting_raw
heldout_regime-606,auth-service,incident-0092,cpu_saturation,False,,heldout_regime,boosting_raw
heldout_regime-606,auth-service,incident-0097,memory_leak,False,,heldout_regime,boosting_raw
heldout_regime-606,auth-service,incident-0102,cpu_saturation,True,9.996676416666666,heldout_regime,boosting_raw
heldout_regime-606,catalog-service,incident-0000,cpu_saturation,True,5.990399616666666,heldout_regime,boosting_raw
heldout_regime-606,catalog-service,incident-0004,traffic_overload,True,3.96546565,heldout_regime,boosting_raw
heldout_regime-606,catalog-service,incident-0010,cpu_saturation,True,8.448767766666666,heldout_regime,boosting_raw
heldout_regime-606,catalog-service,incident-0014,cpu_saturation,True,8.688692016666666,heldout_regime,boosting_raw
heldout_regime-606,catalog-service,incident-0018,memory_leak,False,,heldout_regime,boosting_raw
heldout_regime-606,catalog-service,incident-0024,traffic_overload,True,9.288125083333334,heldout_regime,boosting_raw
heldout_regime-606,catalog-service,incident-0029,database_degradation,False,,heldout_regime,boosting_raw
heldout_regime-606,catalog-service,incident-0034,memory_leak,True,3.152374,heldout_regime,boosting_raw
heldout_regime-606,catalog-service,incident-0038,memory_leak,True,9.466576883333333,heldout_regime,boosting_raw
heldout_regime-606,catalog-service,incident-0042,memory_leak,True,2.9336626666666663,heldout_regime,boosting_raw
heldout_regime-606,catalog-service,incident-0046,traffic_overload,False,,heldout_regime,boosting_raw
heldout_regime-606,catalog-service,incident-0050,traffic_overload,True,7.37486045,heldout_regime,boosting_raw
heldout_regime-606,catalog-service,incident-0053,cpu_saturation,True,9.4348837,heldout_regime,boosting_raw
heldout_regime-606,catalog-service,incident-0056,memory_leak,False,,heldout_regime,boosting_raw
heldout_regime-606,catalog-service,incident-0061,cpu_saturation,True,9.378524800000001,heldout_regime,boosting_raw
heldout_regime-606,catalog-service,incident-0065,traffic_overload,True,9.444163266666667,heldout_regime,boosting_raw
heldout_regime-606,catalog-service,incident-0069,memory_leak,True,8.267981716666666,heldout_regime,boosting_raw
heldout_regime-606,catalog-service,incident-0073,traffic_overload,True,3.06879815,heldout_regime,boosting_raw
heldout_regime-606,catalog-service,incident-0077,memory_leak,True,9.605626266666667,heldout_regime,boosting_raw
heldout_regime-606,catalog-service,incident-0080,database_degradation,True,9.900398483333333,heldout_regime,boosting_raw
heldout_regime-606,catalog-service,incident-0087,cpu_saturation,False,,heldout_regime,boosting_raw
heldout_regime-606,catalog-service,incident-0090,database_degradation,False,,heldout_regime,boosting_raw
heldout_regime-606,catalog-service,incident-0095,memory_leak,True,5.39841925,heldout_regime,boosting_raw
heldout_regime-606,catalog-service,incident-0099,database_degradation,True,9.082515566666666,heldout_regime,boosting_raw
heldout_regime-606,search-service,incident-0001,database_degradation,True,1.7140353666666668,heldout_regime,boosting_raw
heldout_regime-606,search-service,incident-0006,memory_leak,True,6.282220933333333,heldout_regime,boosting_raw
heldout_regime-606,search-service,incident-0009,traffic_overload,False,,heldout_regime,boosting_raw
heldout_regime-606,search-service,incident-0012,memory_leak,True,4.173742416666666,heldout_regime,boosting_raw
heldout_regime-606,search-service,incident-0015,memory_leak,True,8.785349916666666,heldout_regime,boosting_raw
heldout_regime-606,search-service,incident-0019,database_degradation,False,,heldout_regime,boosting_raw
heldout_regime-606,search-service,incident-0023,cpu_saturation,True,2.6851690666666665,heldout_regime,boosting_raw
heldout_regime-606,search-service,incident-0027,cpu_saturation,True,4.147078216666666,heldout_regime,boosting_raw
heldout_regime-606,search-service,incident-0032,database_degradation,False,,heldout_regime,boosting_raw
heldout_regime-606,search-service,incident-0036,memory_leak,False,,heldout_regime,boosting_raw
heldout_regime-606,search-service,incident-0040,traffic_overload,False,,heldout_regime,boosting_raw
heldout_regime-606,search-service,incident-0044,cpu_saturation,True,6.205333066666666,heldout_regime,boosting_raw
heldout_regime-606,search-service,incident-0048,database_degradation,True,8.569262233333335,heldout_regime,boosting_raw
heldout_regime-606,search-service,incident-0054,memory_leak,True,4.16994555,heldout_regime,boosting_raw
heldout_regime-606,search-service,incident-0058,database_degradation,False,,heldout_regime,boosting_raw
heldout_regime-606,search-service,incident-0062,database_degradation,False,,heldout_regime,boosting_raw
heldout_regime-606,search-service,incident-0066,traffic_overload,True,6.5169000666666665,heldout_regime,boosting_raw
heldout_regime-606,search-service,incident-0070,database_degradation,True,9.250852133333332,heldout_regime,boosting_raw
heldout_regime-606,search-service,incident-0074,cpu_saturation,True,8.965455516666667,heldout_regime,boosting_raw
heldout_regime-606,search-service,incident-0078,traffic_overload,True,4.03307445,heldout_regime,boosting_raw
heldout_regime-606,search-service,incident-0082,database_degradation,True,9.16486555,heldout_regime,boosting_raw
heldout_regime-606,search-service,incident-0085,cpu_saturation,False,,heldout_regime,boosting_raw
heldout_regime-606,search-service,incident-0089,traffic_overload,True,8.411221866666667,heldout_regime,boosting_raw
heldout_regime-606,search-service,incident-0094,cpu_saturation,True,9.649138533333334,heldout_regime,boosting_raw
heldout_regime-606,search-service,incident-0098,database_degradation,True,3.8372079666666665,heldout_regime,boosting_raw
heldout_regime-606,search-service,incident-0101,traffic_overload,False,,heldout_regime,boosting_raw
heldout_regime-707,api-gateway,incident-0002,traffic_overload,True,9.941850633333333,heldout_regime,boosting_raw
heldout_regime-707,api-gateway,incident-0006,cpu_saturation,True,3.8329874499999996,heldout_regime,boosting_raw
heldout_regime-707,api-gateway,incident-0011,traffic_overload,True,9.341245533333334,heldout_regime,boosting_raw
heldout_regime-707,api-gateway,incident-0014,memory_leak,True,4.2236171,heldout_regime,boosting_raw
heldout_regime-707,api-gateway,incident-0019,memory_leak,True,3.2452642000000003,heldout_regime,boosting_raw
heldout_regime-707,api-gateway,incident-0021,database_degradation,False,,heldout_regime,boosting_raw
heldout_regime-707,api-gateway,incident-0025,database_degradation,True,9.106070733333333,heldout_regime,boosting_raw
heldout_regime-707,api-gateway,incident-0029,cpu_saturation,True,9.127776149999999,heldout_regime,boosting_raw
heldout_regime-707,api-gateway,incident-0033,cpu_saturation,True,7.7561774,heldout_regime,boosting_raw
heldout_regime-707,api-gateway,incident-0039,memory_leak,False,,heldout_regime,boosting_raw
heldout_regime-707,api-gateway,incident-0043,database_degradation,True,0.7809365166666667,heldout_regime,boosting_raw
heldout_regime-707,api-gateway,incident-0047,cpu_saturation,False,,heldout_regime,boosting_raw
heldout_regime-707,api-gateway,incident-0050,traffic_overload,True,9.99529375,heldout_regime,boosting_raw
heldout_regime-707,api-gateway,incident-0055,traffic_overload,False,,heldout_regime,boosting_raw
heldout_regime-707,api-gateway,incident-0058,memory_leak,True,9.991067249999999,heldout_regime,boosting_raw
heldout_regime-707,api-gateway,incident-0062,memory_leak,False,,heldout_regime,boosting_raw
heldout_regime-707,api-gateway,incident-0066,cpu_saturation,True,5.785117166666667,heldout_regime,boosting_raw
heldout_regime-707,api-gateway,incident-0070,cpu_saturation,True,1.2406207,heldout_regime,boosting_raw
heldout_regime-707,api-gateway,incident-0076,traffic_overload,True,6.437048183333333,heldout_regime,boosting_raw
heldout_regime-707,api-gateway,incident-0079,memory_leak,True,6.412782183333333,heldout_regime,boosting_raw
heldout_regime-707,api-gateway,incident-0082,traffic_overload,False,,heldout_regime,boosting_raw
heldout_regime-707,api-gateway,incident-0087,database_degradation,True,9.087688716666666,heldout_regime,boosting_raw
heldout_regime-707,api-gateway,incident-0089,cpu_saturation,True,5.3016198333333335,heldout_regime,boosting_raw
heldout_regime-707,api-gateway,incident-0093,database_degradation,True,2.805753533333333,heldout_regime,boosting_raw
heldout_regime-707,api-gateway,incident-0097,database_degradation,True,9.795444949999998,heldout_regime,boosting_raw
heldout_regime-707,api-gateway,incident-0102,traffic_overload,True,8.859530733333335,heldout_regime,boosting_raw
heldout_regime-707,auth-service,incident-0004,traffic_overload,False,,heldout_regime,boosting_raw
heldout_regime-707,auth-service,incident-0009,memory_leak,True,9.389684116666666,heldout_regime,boosting_raw
heldout_regime-707,auth-service,incident-0012,traffic_overload,False,,heldout_regime,boosting_raw
heldout_regime-707,auth-service,incident-0015,memory_leak,True,8.236172933333332,heldout_regime,boosting_raw
heldout_regime-707,auth-service,incident-0018,memory_leak,False,,heldout_regime,boosting_raw
heldout_regime-707,auth-service,incident-0023,traffic_overload,True,6.748821116666666,heldout_regime,boosting_raw
heldout_regime-707,auth-service,incident-0027,database_degradation,True,3.9356405,heldout_regime,boosting_raw
heldout_regime-707,auth-service,incident-0031,traffic_overload,True,9.586679016666666,heldout_regime,boosting_raw
heldout_regime-707,auth-service,incident-0036,traffic_overload,True,9.514438733333332,heldout_regime,boosting_raw
heldout_regime-707,auth-service,incident-0040,cpu_saturation,False,,heldout_regime,boosting_raw
heldout_regime-707,auth-service,incident-0041,memory_leak,True,6.53072855,heldout_regime,boosting_raw
heldout_regime-707,auth-service,incident-0045,memory_leak,False,,heldout_regime,boosting_raw
heldout_regime-707,auth-service,incident-0049,database_degradation,False,,heldout_regime,boosting_raw
heldout_regime-707,auth-service,incident-0054,memory_leak,True,9.196715033333334,heldout_regime,boosting_raw
heldout_regime-707,auth-service,incident-0059,memory_leak,False,,heldout_regime,boosting_raw
heldout_regime-707,auth-service,incident-0063,cpu_saturation,True,9.218808283333335,heldout_regime,boosting_raw
heldout_regime-707,auth-service,incident-0064,traffic_overload,False,,heldout_regime,boosting_raw
heldout_regime-707,auth-service,incident-0069,database_degradation,True,9.3868861,heldout_regime,boosting_raw
heldout_regime-707,auth-service,incident-0072,cpu_saturation,True,9.16933775,heldout_regime,boosting_raw
heldout_regime-707,auth-service,incident-0077,traffic_overload,True,3.0557917,heldout_regime,boosting_raw
heldout_regime-707,auth-service,incident-0078,memory_leak,False,,heldout_regime,boosting_raw
heldout_regime-707,auth-service,incident-0083,cpu_saturation,True,8.018469216666666,heldout_regime,boosting_raw
heldout_regime-707,auth-service,incident-0085,memory_leak,True,9.559615983333334,heldout_regime,boosting_raw
heldout_regime-707,auth-service,incident-0090,memory_leak,True,3.2941370500000002,heldout_regime,boosting_raw
heldout_regime-707,auth-service,incident-0095,memory_leak,True,9.0131064,heldout_regime,boosting_raw
heldout_regime-707,auth-service,incident-0098,cpu_saturation,True,9.67933835,heldout_regime,boosting_raw
heldout_regime-707,auth-service,incident-0101,traffic_overload,True,8.1277862,heldout_regime,boosting_raw
heldout_regime-707,catalog-service,incident-0001,memory_leak,True,3.8973784666666664,heldout_regime,boosting_raw
heldout_regime-707,catalog-service,incident-0005,database_degradation,False,,heldout_regime,boosting_raw
heldout_regime-707,catalog-service,incident-0008,database_degradation,False,,heldout_regime,boosting_raw
heldout_regime-707,catalog-service,incident-0013,database_degradation,True,9.27405235,heldout_regime,boosting_raw
heldout_regime-707,catalog-service,incident-0016,database_degradation,True,7.193258599999999,heldout_regime,boosting_raw
heldout_regime-707,catalog-service,incident-0020,traffic_overload,True,6.575385033333333,heldout_regime,boosting_raw
heldout_regime-707,catalog-service,incident-0024,cpu_saturation,False,,heldout_regime,boosting_raw
heldout_regime-707,catalog-service,incident-0028,cpu_saturation,False,,heldout_regime,boosting_raw
heldout_regime-707,catalog-service,incident-0032,database_degradation,False,,heldout_regime,boosting_raw
heldout_regime-707,catalog-service,incident-0035,memory_leak,False,,heldout_regime,boosting_raw
heldout_regime-707,catalog-service,incident-0038,database_degradation,True,9.835966416666668,heldout_regime,boosting_raw
heldout_regime-707,catalog-service,incident-0044,memory_leak,True,2.5958423,heldout_regime,boosting_raw
heldout_regime-707,catalog-service,incident-0048,database_degradation,False,,heldout_regime,boosting_raw
heldout_regime-707,catalog-service,incident-0052,memory_leak,True,9.710414466666666,heldout_regime,boosting_raw
heldout_regime-707,catalog-service,incident-0056,cpu_saturation,True,6.494964516666667,heldout_regime,boosting_raw
heldout_regime-707,catalog-service,incident-0061,traffic_overload,False,,heldout_regime,boosting_raw
heldout_regime-707,catalog-service,incident-0067,database_degradation,True,8.0340163,heldout_regime,boosting_raw
heldout_regime-707,catalog-service,incident-0071,cpu_saturation,True,9.060045133333334,heldout_regime,boosting_raw
heldout_regime-707,catalog-service,incident-0074,cpu_saturation,False,,heldout_regime,boosting_raw
heldout_regime-707,catalog-service,incident-0080,memory_leak,False,,heldout_regime,boosting_raw
heldout_regime-707,catalog-service,incident-0084,cpu_saturation,False,,heldout_regime,boosting_raw
heldout_regime-707,catalog-service,incident-0088,memory_leak,True,9.421137883333333,heldout_regime,boosting_raw
heldout_regime-707,catalog-service,incident-0092,traffic_overload,False,,heldout_regime,boosting_raw
heldout_regime-707,catalog-service,incident-0096,traffic_overload,True,2.2442519499999998,heldout_regime,boosting_raw
heldout_regime-707,catalog-service,incident-0100,memory_leak,True,9.230264949999999,heldout_regime,boosting_raw
heldout_regime-707,search-service,incident-0000,traffic_overload,True,2.94418945,heldout_regime,boosting_raw
heldout_regime-707,search-service,incident-0003,traffic_overload,True,8.767767099999999,heldout_regime,boosting_raw
heldout_regime-707,search-service,incident-0007,traffic_overload,False,,heldout_regime,boosting_raw
heldout_regime-707,search-service,incident-0010,database_degradation,False,,heldout_regime,boosting_raw
heldout_regime-707,search-service,incident-0017,database_degradation,True,9.293393916666668,heldout_regime,boosting_raw
heldout_regime-707,search-service,incident-0022,database_degradation,False,,heldout_regime,boosting_raw
heldout_regime-707,search-service,incident-0026,traffic_overload,False,,heldout_regime,boosting_raw
heldout_regime-707,search-service,incident-0030,cpu_saturation,True,8.855168966666668,heldout_regime,boosting_raw
heldout_regime-707,search-service,incident-0034,database_degradation,True,4.4698886333333325,heldout_regime,boosting_raw
heldout_regime-707,search-service,incident-0037,cpu_saturation,True,8.887804066666666,heldout_regime,boosting_raw
heldout_regime-707,search-service,incident-0042,cpu_saturation,True,4.0731121,heldout_regime,boosting_raw
heldout_regime-707,search-service,incident-0046,traffic_overload,True,0.30237285,heldout_regime,boosting_raw
heldout_regime-707,search-service,incident-0051,memory_leak,False,,heldout_regime,boosting_raw
heldout_regime-707,search-service,incident-0053,cpu_saturation,False,,heldout_regime,boosting_raw
heldout_regime-707,search-service,incident-0057,traffic_overload,True,8.299043883333333,heldout_regime,boosting_raw
heldout_regime-707,search-service,incident-0060,traffic_overload,False,,heldout_regime,boosting_raw
heldout_regime-707,search-service,incident-0065,traffic_overload,False,,heldout_regime,boosting_raw
heldout_regime-707,search-service,incident-0068,cpu_saturation,True,9.584812,heldout_regime,boosting_raw
heldout_regime-707,search-service,incident-0073,traffic_overload,True,0.0049637,heldout_regime,boosting_raw
heldout_regime-707,search-service,incident-0075,cpu_saturation,True,5.837711333333333,heldout_regime,boosting_raw
heldout_regime-707,search-service,incident-0081,cpu_saturation,True,9.851694333333334,heldout_regime,boosting_raw
heldout_regime-707,search-service,incident-0086,database_degradation,True,5.967247966666666,heldout_regime,boosting_raw
heldout_regime-707,search-service,incident-0091,cpu_saturation,False,,heldout_regime,boosting_raw
heldout_regime-707,search-service,incident-0094,cpu_saturation,True,4.6903109999999995,heldout_regime,boosting_raw
heldout_regime-707,search-service,incident-0099,traffic_overload,True,4.4403542,heldout_regime,boosting_raw
heldout_regime-606,api-gateway,incident-0003,database_degradation,True,0.5733231166666666,heldout_regime,boosting_sigmoid
heldout_regime-606,api-gateway,incident-0005,cpu_saturation,True,9.82516465,heldout_regime,boosting_sigmoid
heldout_regime-606,api-gateway,incident-0008,cpu_saturation,True,9.601714533333334,heldout_regime,boosting_sigmoid
heldout_regime-606,api-gateway,incident-0013,database_degradation,True,1.5852498,heldout_regime,boosting_sigmoid
heldout_regime-606,api-gateway,incident-0017,database_degradation,True,7.609273150000001,heldout_regime,boosting_sigmoid
heldout_regime-606,api-gateway,incident-0021,database_degradation,False,,heldout_regime,boosting_sigmoid
heldout_regime-606,api-gateway,incident-0025,traffic_overload,True,3.5070879,heldout_regime,boosting_sigmoid
heldout_regime-606,api-gateway,incident-0028,traffic_overload,True,8.281430649999999,heldout_regime,boosting_sigmoid
heldout_regime-606,api-gateway,incident-0030,traffic_overload,True,9.780315566666667,heldout_regime,boosting_sigmoid
heldout_regime-606,api-gateway,incident-0033,cpu_saturation,True,8.12669515,heldout_regime,boosting_sigmoid
heldout_regime-606,api-gateway,incident-0039,memory_leak,True,9.54828285,heldout_regime,boosting_sigmoid
heldout_regime-606,api-gateway,incident-0043,database_degradation,False,,heldout_regime,boosting_sigmoid
heldout_regime-606,api-gateway,incident-0047,cpu_saturation,True,9.303929516666667,heldout_regime,boosting_sigmoid
heldout_regime-606,api-gateway,incident-0051,traffic_overload,True,5.8494068,heldout_regime,boosting_sigmoid
heldout_regime-606,api-gateway,incident-0057,database_degradation,False,,heldout_regime,boosting_sigmoid
heldout_regime-606,api-gateway,incident-0060,traffic_overload,True,9.94214865,heldout_regime,boosting_sigmoid
heldout_regime-606,api-gateway,incident-0063,memory_leak,True,0.7941664166666667,heldout_regime,boosting_sigmoid
heldout_regime-606,api-gateway,incident-0067,traffic_overload,False,,heldout_regime,boosting_sigmoid
heldout_regime-606,api-gateway,incident-0071,cpu_saturation,False,,heldout_regime,boosting_sigmoid
heldout_regime-606,api-gateway,incident-0076,cpu_saturation,True,9.095641883333334,heldout_regime,boosting_sigmoid
heldout_regime-606,api-gateway,incident-0081,database_degradation,True,5.020766083333333,heldout_regime,boosting_sigmoid
heldout_regime-606,api-gateway,incident-0086,traffic_overload,False,,heldout_regime,boosting_sigmoid
heldout_regime-606,api-gateway,incident-0091,database_degradation,True,1.69849555,heldout_regime,boosting_sigmoid
heldout_regime-606,api-gateway,incident-0093,memory_leak,False,,heldout_regime,boosting_sigmoid
heldout_regime-606,api-gateway,incident-0096,database_degradation,True,1.21072125,heldout_regime,boosting_sigmoid
heldout_regime-606,api-gateway,incident-0100,database_degradation,True,0.29190853333333333,heldout_regime,boosting_sigmoid
heldout_regime-606,auth-service,incident-0002,memory_leak,True,9.3075981,heldout_regime,boosting_sigmoid
heldout_regime-606,auth-service,incident-0007,database_degradation,False,,heldout_regime,boosting_sigmoid
heldout_regime-606,auth-service,incident-0011,database_degradation,True,0.58125585,heldout_regime,boosting_sigmoid
heldout_regime-606,auth-service,incident-0016,cpu_saturation,False,,heldout_regime,boosting_sigmoid
heldout_regime-606,auth-service,incident-0020,memory_leak,False,,heldout_regime,boosting_sigmoid
heldout_regime-606,auth-service,incident-0022,traffic_overload,False,,heldout_regime,boosting_sigmoid
heldout_regime-606,auth-service,incident-0026,cpu_saturation,False,,heldout_regime,boosting_sigmoid
heldout_regime-606,auth-service,incident-0031,cpu_saturation,False,,heldout_regime,boosting_sigmoid
heldout_regime-606,auth-service,incident-0035,memory_leak,False,,heldout_regime,boosting_sigmoid
heldout_regime-606,auth-service,incident-0037,traffic_overload,False,,heldout_regime,boosting_sigmoid
heldout_regime-606,auth-service,incident-0041,traffic_overload,True,1.8816184666666667,heldout_regime,boosting_sigmoid
heldout_regime-606,auth-service,incident-0045,traffic_overload,False,,heldout_regime,boosting_sigmoid
heldout_regime-606,auth-service,incident-0049,cpu_saturation,True,7.9580607500000005,heldout_regime,boosting_sigmoid
heldout_regime-606,auth-service,incident-0052,cpu_saturation,False,,heldout_regime,boosting_sigmoid
heldout_regime-606,auth-service,incident-0055,memory_leak,False,,heldout_regime,boosting_sigmoid
heldout_regime-606,auth-service,incident-0059,traffic_overload,False,,heldout_regime,boosting_sigmoid
heldout_regime-606,auth-service,incident-0064,database_degradation,True,9.175800883333332,heldout_regime,boosting_sigmoid
heldout_regime-606,auth-service,incident-0068,cpu_saturation,False,,heldout_regime,boosting_sigmoid
heldout_regime-606,auth-service,incident-0072,cpu_saturation,True,1.2247558,heldout_regime,boosting_sigmoid
heldout_regime-606,auth-service,incident-0075,traffic_overload,True,8.675952416666666,heldout_regime,boosting_sigmoid
heldout_regime-606,auth-service,incident-0079,memory_leak,True,9.05078425,heldout_regime,boosting_sigmoid
heldout_regime-606,auth-service,incident-0083,traffic_overload,True,8.34639975,heldout_regime,boosting_sigmoid
heldout_regime-606,auth-service,incident-0084,memory_leak,True,9.873183166666667,heldout_regime,boosting_sigmoid
heldout_regime-606,auth-service,incident-0088,memory_leak,True,7.424484766666667,heldout_regime,boosting_sigmoid
heldout_regime-606,auth-service,incident-0092,cpu_saturation,False,,heldout_regime,boosting_sigmoid
heldout_regime-606,auth-service,incident-0097,memory_leak,False,,heldout_regime,boosting_sigmoid
heldout_regime-606,auth-service,incident-0102,cpu_saturation,True,9.996676416666666,heldout_regime,boosting_sigmoid
heldout_regime-606,catalog-service,incident-0000,cpu_saturation,True,5.990399616666666,heldout_regime,boosting_sigmoid
heldout_regime-606,catalog-service,incident-0004,traffic_overload,True,3.96546565,heldout_regime,boosting_sigmoid
heldout_regime-606,catalog-service,incident-0010,cpu_saturation,True,8.448767766666666,heldout_regime,boosting_sigmoid
heldout_regime-606,catalog-service,incident-0014,cpu_saturation,True,8.688692016666666,heldout_regime,boosting_sigmoid
heldout_regime-606,catalog-service,incident-0018,memory_leak,False,,heldout_regime,boosting_sigmoid
heldout_regime-606,catalog-service,incident-0024,traffic_overload,True,9.288125083333334,heldout_regime,boosting_sigmoid
heldout_regime-606,catalog-service,incident-0029,database_degradation,False,,heldout_regime,boosting_sigmoid
heldout_regime-606,catalog-service,incident-0034,memory_leak,True,3.152374,heldout_regime,boosting_sigmoid
heldout_regime-606,catalog-service,incident-0038,memory_leak,True,9.466576883333333,heldout_regime,boosting_sigmoid
heldout_regime-606,catalog-service,incident-0042,memory_leak,True,2.9336626666666663,heldout_regime,boosting_sigmoid
heldout_regime-606,catalog-service,incident-0046,traffic_overload,False,,heldout_regime,boosting_sigmoid
heldout_regime-606,catalog-service,incident-0050,traffic_overload,True,7.37486045,heldout_regime,boosting_sigmoid
heldout_regime-606,catalog-service,incident-0053,cpu_saturation,True,7.4348837,heldout_regime,boosting_sigmoid
heldout_regime-606,catalog-service,incident-0056,memory_leak,False,,heldout_regime,boosting_sigmoid
heldout_regime-606,catalog-service,incident-0061,cpu_saturation,True,9.378524800000001,heldout_regime,boosting_sigmoid
heldout_regime-606,catalog-service,incident-0065,traffic_overload,True,9.444163266666667,heldout_regime,boosting_sigmoid
heldout_regime-606,catalog-service,incident-0069,memory_leak,True,8.267981716666666,heldout_regime,boosting_sigmoid
heldout_regime-606,catalog-service,incident-0073,traffic_overload,True,3.06879815,heldout_regime,boosting_sigmoid
heldout_regime-606,catalog-service,incident-0077,memory_leak,True,9.605626266666667,heldout_regime,boosting_sigmoid
heldout_regime-606,catalog-service,incident-0080,database_degradation,True,9.900398483333333,heldout_regime,boosting_sigmoid
heldout_regime-606,catalog-service,incident-0087,cpu_saturation,False,,heldout_regime,boosting_sigmoid
heldout_regime-606,catalog-service,incident-0090,database_degradation,False,,heldout_regime,boosting_sigmoid
heldout_regime-606,catalog-service,incident-0095,memory_leak,True,5.39841925,heldout_regime,boosting_sigmoid
heldout_regime-606,catalog-service,incident-0099,database_degradation,True,9.082515566666666,heldout_regime,boosting_sigmoid
heldout_regime-606,search-service,incident-0001,database_degradation,True,1.7140353666666668,heldout_regime,boosting_sigmoid
heldout_regime-606,search-service,incident-0006,memory_leak,True,6.282220933333333,heldout_regime,boosting_sigmoid
heldout_regime-606,search-service,incident-0009,traffic_overload,False,,heldout_regime,boosting_sigmoid
heldout_regime-606,search-service,incident-0012,memory_leak,True,4.173742416666666,heldout_regime,boosting_sigmoid
heldout_regime-606,search-service,incident-0015,memory_leak,True,8.785349916666666,heldout_regime,boosting_sigmoid
heldout_regime-606,search-service,incident-0019,database_degradation,False,,heldout_regime,boosting_sigmoid
heldout_regime-606,search-service,incident-0023,cpu_saturation,True,2.6851690666666665,heldout_regime,boosting_sigmoid
heldout_regime-606,search-service,incident-0027,cpu_saturation,True,4.147078216666666,heldout_regime,boosting_sigmoid
heldout_regime-606,search-service,incident-0032,database_degradation,False,,heldout_regime,boosting_sigmoid
heldout_regime-606,search-service,incident-0036,memory_leak,False,,heldout_regime,boosting_sigmoid
heldout_regime-606,search-service,incident-0040,traffic_overload,False,,heldout_regime,boosting_sigmoid
heldout_regime-606,search-service,incident-0044,cpu_saturation,True,6.205333066666666,heldout_regime,boosting_sigmoid
heldout_regime-606,search-service,incident-0048,database_degradation,True,8.569262233333335,heldout_regime,boosting_sigmoid
heldout_regime-606,search-service,incident-0054,memory_leak,True,4.16994555,heldout_regime,boosting_sigmoid
heldout_regime-606,search-service,incident-0058,database_degradation,False,,heldout_regime,boosting_sigmoid
heldout_regime-606,search-service,incident-0062,database_degradation,False,,heldout_regime,boosting_sigmoid
heldout_regime-606,search-service,incident-0066,traffic_overload,True,6.5169000666666665,heldout_regime,boosting_sigmoid
heldout_regime-606,search-service,incident-0070,database_degradation,True,9.250852133333332,heldout_regime,boosting_sigmoid
heldout_regime-606,search-service,incident-0074,cpu_saturation,True,8.965455516666667,heldout_regime,boosting_sigmoid
heldout_regime-606,search-service,incident-0078,traffic_overload,True,4.03307445,heldout_regime,boosting_sigmoid
heldout_regime-606,search-service,incident-0082,database_degradation,True,9.16486555,heldout_regime,boosting_sigmoid
heldout_regime-606,search-service,incident-0085,cpu_saturation,False,,heldout_regime,boosting_sigmoid
heldout_regime-606,search-service,incident-0089,traffic_overload,True,8.411221866666667,heldout_regime,boosting_sigmoid
heldout_regime-606,search-service,incident-0094,cpu_saturation,True,9.649138533333334,heldout_regime,boosting_sigmoid
heldout_regime-606,search-service,incident-0098,database_degradation,True,3.8372079666666665,heldout_regime,boosting_sigmoid
heldout_regime-606,search-service,incident-0101,traffic_overload,False,,heldout_regime,boosting_sigmoid
heldout_regime-707,api-gateway,incident-0002,traffic_overload,True,9.941850633333333,heldout_regime,boosting_sigmoid
heldout_regime-707,api-gateway,incident-0006,cpu_saturation,True,3.8329874499999996,heldout_regime,boosting_sigmoid
heldout_regime-707,api-gateway,incident-0011,traffic_overload,True,9.341245533333334,heldout_regime,boosting_sigmoid
heldout_regime-707,api-gateway,incident-0014,memory_leak,True,4.2236171,heldout_regime,boosting_sigmoid
heldout_regime-707,api-gateway,incident-0019,memory_leak,True,3.2452642000000003,heldout_regime,boosting_sigmoid
heldout_regime-707,api-gateway,incident-0021,database_degradation,False,,heldout_regime,boosting_sigmoid
heldout_regime-707,api-gateway,incident-0025,database_degradation,True,9.106070733333333,heldout_regime,boosting_sigmoid
heldout_regime-707,api-gateway,incident-0029,cpu_saturation,True,9.127776149999999,heldout_regime,boosting_sigmoid
heldout_regime-707,api-gateway,incident-0033,cpu_saturation,True,7.7561774,heldout_regime,boosting_sigmoid
heldout_regime-707,api-gateway,incident-0039,memory_leak,False,,heldout_regime,boosting_sigmoid
heldout_regime-707,api-gateway,incident-0043,database_degradation,True,0.7809365166666667,heldout_regime,boosting_sigmoid
heldout_regime-707,api-gateway,incident-0047,cpu_saturation,False,,heldout_regime,boosting_sigmoid
heldout_regime-707,api-gateway,incident-0050,traffic_overload,True,9.99529375,heldout_regime,boosting_sigmoid
heldout_regime-707,api-gateway,incident-0055,traffic_overload,False,,heldout_regime,boosting_sigmoid
heldout_regime-707,api-gateway,incident-0058,memory_leak,True,9.991067249999999,heldout_regime,boosting_sigmoid
heldout_regime-707,api-gateway,incident-0062,memory_leak,False,,heldout_regime,boosting_sigmoid
heldout_regime-707,api-gateway,incident-0066,cpu_saturation,True,5.785117166666667,heldout_regime,boosting_sigmoid
heldout_regime-707,api-gateway,incident-0070,cpu_saturation,True,1.2406207,heldout_regime,boosting_sigmoid
heldout_regime-707,api-gateway,incident-0076,traffic_overload,True,6.437048183333333,heldout_regime,boosting_sigmoid
heldout_regime-707,api-gateway,incident-0079,memory_leak,True,6.412782183333333,heldout_regime,boosting_sigmoid
heldout_regime-707,api-gateway,incident-0082,traffic_overload,False,,heldout_regime,boosting_sigmoid
heldout_regime-707,api-gateway,incident-0087,database_degradation,True,9.087688716666666,heldout_regime,boosting_sigmoid
heldout_regime-707,api-gateway,incident-0089,cpu_saturation,True,5.3016198333333335,heldout_regime,boosting_sigmoid
heldout_regime-707,api-gateway,incident-0093,database_degradation,True,2.805753533333333,heldout_regime,boosting_sigmoid
heldout_regime-707,api-gateway,incident-0097,database_degradation,True,9.795444949999998,heldout_regime,boosting_sigmoid
heldout_regime-707,api-gateway,incident-0102,traffic_overload,True,8.859530733333335,heldout_regime,boosting_sigmoid
heldout_regime-707,auth-service,incident-0004,traffic_overload,False,,heldout_regime,boosting_sigmoid
heldout_regime-707,auth-service,incident-0009,memory_leak,True,9.389684116666666,heldout_regime,boosting_sigmoid
heldout_regime-707,auth-service,incident-0012,traffic_overload,False,,heldout_regime,boosting_sigmoid
heldout_regime-707,auth-service,incident-0015,memory_leak,True,8.236172933333332,heldout_regime,boosting_sigmoid
heldout_regime-707,auth-service,incident-0018,memory_leak,False,,heldout_regime,boosting_sigmoid
heldout_regime-707,auth-service,incident-0023,traffic_overload,True,6.748821116666666,heldout_regime,boosting_sigmoid
heldout_regime-707,auth-service,incident-0027,database_degradation,True,3.9356405,heldout_regime,boosting_sigmoid
heldout_regime-707,auth-service,incident-0031,traffic_overload,True,9.586679016666666,heldout_regime,boosting_sigmoid
heldout_regime-707,auth-service,incident-0036,traffic_overload,True,9.514438733333332,heldout_regime,boosting_sigmoid
heldout_regime-707,auth-service,incident-0040,cpu_saturation,False,,heldout_regime,boosting_sigmoid
heldout_regime-707,auth-service,incident-0041,memory_leak,True,6.53072855,heldout_regime,boosting_sigmoid
heldout_regime-707,auth-service,incident-0045,memory_leak,False,,heldout_regime,boosting_sigmoid
heldout_regime-707,auth-service,incident-0049,database_degradation,False,,heldout_regime,boosting_sigmoid
heldout_regime-707,auth-service,incident-0054,memory_leak,True,9.196715033333334,heldout_regime,boosting_sigmoid
heldout_regime-707,auth-service,incident-0059,memory_leak,False,,heldout_regime,boosting_sigmoid
heldout_regime-707,auth-service,incident-0063,cpu_saturation,True,9.218808283333335,heldout_regime,boosting_sigmoid
heldout_regime-707,auth-service,incident-0064,traffic_overload,False,,heldout_regime,boosting_sigmoid
heldout_regime-707,auth-service,incident-0069,database_degradation,True,9.3868861,heldout_regime,boosting_sigmoid
heldout_regime-707,auth-service,incident-0072,cpu_saturation,True,9.16933775,heldout_regime,boosting_sigmoid
heldout_regime-707,auth-service,incident-0077,traffic_overload,True,3.0557917,heldout_regime,boosting_sigmoid
heldout_regime-707,auth-service,incident-0078,memory_leak,False,,heldout_regime,boosting_sigmoid
heldout_regime-707,auth-service,incident-0083,cpu_saturation,True,8.018469216666666,heldout_regime,boosting_sigmoid
heldout_regime-707,auth-service,incident-0085,memory_leak,True,9.559615983333334,heldout_regime,boosting_sigmoid
heldout_regime-707,auth-service,incident-0090,memory_leak,True,3.2941370500000002,heldout_regime,boosting_sigmoid
heldout_regime-707,auth-service,incident-0095,memory_leak,True,9.0131064,heldout_regime,boosting_sigmoid
heldout_regime-707,auth-service,incident-0098,cpu_saturation,True,9.67933835,heldout_regime,boosting_sigmoid
heldout_regime-707,auth-service,incident-0101,traffic_overload,True,7.1277862,heldout_regime,boosting_sigmoid
heldout_regime-707,catalog-service,incident-0001,memory_leak,True,3.8973784666666664,heldout_regime,boosting_sigmoid
heldout_regime-707,catalog-service,incident-0005,database_degradation,False,,heldout_regime,boosting_sigmoid
heldout_regime-707,catalog-service,incident-0008,database_degradation,False,,heldout_regime,boosting_sigmoid
heldout_regime-707,catalog-service,incident-0013,database_degradation,True,9.27405235,heldout_regime,boosting_sigmoid
heldout_regime-707,catalog-service,incident-0016,database_degradation,True,7.193258599999999,heldout_regime,boosting_sigmoid
heldout_regime-707,catalog-service,incident-0020,traffic_overload,True,6.575385033333333,heldout_regime,boosting_sigmoid
heldout_regime-707,catalog-service,incident-0024,cpu_saturation,False,,heldout_regime,boosting_sigmoid
heldout_regime-707,catalog-service,incident-0028,cpu_saturation,False,,heldout_regime,boosting_sigmoid
heldout_regime-707,catalog-service,incident-0032,database_degradation,False,,heldout_regime,boosting_sigmoid
heldout_regime-707,catalog-service,incident-0035,memory_leak,False,,heldout_regime,boosting_sigmoid
heldout_regime-707,catalog-service,incident-0038,database_degradation,True,9.835966416666668,heldout_regime,boosting_sigmoid
heldout_regime-707,catalog-service,incident-0044,memory_leak,True,2.5958423,heldout_regime,boosting_sigmoid
heldout_regime-707,catalog-service,incident-0048,database_degradation,False,,heldout_regime,boosting_sigmoid
heldout_regime-707,catalog-service,incident-0052,memory_leak,True,9.710414466666666,heldout_regime,boosting_sigmoid
heldout_regime-707,catalog-service,incident-0056,cpu_saturation,True,6.494964516666667,heldout_regime,boosting_sigmoid
heldout_regime-707,catalog-service,incident-0061,traffic_overload,False,,heldout_regime,boosting_sigmoid
heldout_regime-707,catalog-service,incident-0067,database_degradation,True,8.0340163,heldout_regime,boosting_sigmoid
heldout_regime-707,catalog-service,incident-0071,cpu_saturation,True,9.060045133333334,heldout_regime,boosting_sigmoid
heldout_regime-707,catalog-service,incident-0074,cpu_saturation,False,,heldout_regime,boosting_sigmoid
heldout_regime-707,catalog-service,incident-0080,memory_leak,False,,heldout_regime,boosting_sigmoid
heldout_regime-707,catalog-service,incident-0084,cpu_saturation,False,,heldout_regime,boosting_sigmoid
heldout_regime-707,catalog-service,incident-0088,memory_leak,True,9.421137883333333,heldout_regime,boosting_sigmoid
heldout_regime-707,catalog-service,incident-0092,traffic_overload,False,,heldout_regime,boosting_sigmoid
heldout_regime-707,catalog-service,incident-0096,traffic_overload,True,2.2442519499999998,heldout_regime,boosting_sigmoid
heldout_regime-707,catalog-service,incident-0100,memory_leak,True,9.230264949999999,heldout_regime,boosting_sigmoid
heldout_regime-707,search-service,incident-0000,traffic_overload,True,2.94418945,heldout_regime,boosting_sigmoid
heldout_regime-707,search-service,incident-0003,traffic_overload,True,8.767767099999999,heldout_regime,boosting_sigmoid
heldout_regime-707,search-service,incident-0007,traffic_overload,False,,heldout_regime,boosting_sigmoid
heldout_regime-707,search-service,incident-0010,database_degradation,False,,heldout_regime,boosting_sigmoid
heldout_regime-707,search-service,incident-0017,database_degradation,True,9.293393916666668,heldout_regime,boosting_sigmoid
heldout_regime-707,search-service,incident-0022,database_degradation,False,,heldout_regime,boosting_sigmoid
heldout_regime-707,search-service,incident-0026,traffic_overload,False,,heldout_regime,boosting_sigmoid
heldout_regime-707,search-service,incident-0030,cpu_saturation,True,8.855168966666668,heldout_regime,boosting_sigmoid
heldout_regime-707,search-service,incident-0034,database_degradation,True,4.4698886333333325,heldout_regime,boosting_sigmoid
heldout_regime-707,search-service,incident-0037,cpu_saturation,True,8.887804066666666,heldout_regime,boosting_sigmoid
heldout_regime-707,search-service,incident-0042,cpu_saturation,True,4.0731121,heldout_regime,boosting_sigmoid
heldout_regime-707,search-service,incident-0046,traffic_overload,True,0.30237285,heldout_regime,boosting_sigmoid
heldout_regime-707,search-service,incident-0051,memory_leak,False,,heldout_regime,boosting_sigmoid
heldout_regime-707,search-service,incident-0053,cpu_saturation,False,,heldout_regime,boosting_sigmoid
heldout_regime-707,search-service,incident-0057,traffic_overload,True,8.299043883333333,heldout_regime,boosting_sigmoid
heldout_regime-707,search-service,incident-0060,traffic_overload,False,,heldout_regime,boosting_sigmoid
heldout_regime-707,search-service,incident-0065,traffic_overload,False,,heldout_regime,boosting_sigmoid
heldout_regime-707,search-service,incident-0068,cpu_saturation,True,9.584812,heldout_regime,boosting_sigmoid
heldout_regime-707,search-service,incident-0073,traffic_overload,True,0.0049637,heldout_regime,boosting_sigmoid
heldout_regime-707,search-service,incident-0075,cpu_saturation,True,5.837711333333333,heldout_regime,boosting_sigmoid
heldout_regime-707,search-service,incident-0081,cpu_saturation,True,9.851694333333334,heldout_regime,boosting_sigmoid
heldout_regime-707,search-service,incident-0086,database_degradation,True,5.967247966666666,heldout_regime,boosting_sigmoid
heldout_regime-707,search-service,incident-0091,cpu_saturation,False,,heldout_regime,boosting_sigmoid
heldout_regime-707,search-service,incident-0094,cpu_saturation,True,4.6903109999999995,heldout_regime,boosting_sigmoid
heldout_regime-707,search-service,incident-0099,traffic_overload,True,4.4403542,heldout_regime,boosting_sigmoid
heldout_regime-606,api-gateway,incident-0003,database_degradation,True,9.573323116666668,heldout_regime,logistic_raw
heldout_regime-606,api-gateway,incident-0005,cpu_saturation,True,9.82516465,heldout_regime,logistic_raw
heldout_regime-606,api-gateway,incident-0008,cpu_saturation,True,9.601714533333334,heldout_regime,logistic_raw
heldout_regime-606,api-gateway,incident-0013,database_degradation,True,9.585249800000001,heldout_regime,logistic_raw
heldout_regime-606,api-gateway,incident-0017,database_degradation,True,9.60927315,heldout_regime,logistic_raw
heldout_regime-606,api-gateway,incident-0021,database_degradation,True,9.611063883333333,heldout_regime,logistic_raw
heldout_regime-606,api-gateway,incident-0025,traffic_overload,True,9.507087899999998,heldout_regime,logistic_raw
heldout_regime-606,api-gateway,incident-0028,traffic_overload,True,9.28143065,heldout_regime,logistic_raw
heldout_regime-606,api-gateway,incident-0030,traffic_overload,True,9.780315566666667,heldout_regime,logistic_raw
heldout_regime-606,api-gateway,incident-0033,cpu_saturation,True,9.12669515,heldout_regime,logistic_raw
heldout_regime-606,api-gateway,incident-0039,memory_leak,True,9.54828285,heldout_regime,logistic_raw
heldout_regime-606,api-gateway,incident-0043,database_degradation,True,9.425009433333335,heldout_regime,logistic_raw
heldout_regime-606,api-gateway,incident-0047,cpu_saturation,True,9.303929516666667,heldout_regime,logistic_raw
heldout_regime-606,api-gateway,incident-0051,traffic_overload,True,9.8494068,heldout_regime,logistic_raw
heldout_regime-606,api-gateway,incident-0057,database_degradation,True,9.73348765,heldout_regime,logistic_raw
heldout_regime-606,api-gateway,incident-0060,traffic_overload,True,9.94214865,heldout_regime,logistic_raw
heldout_regime-606,api-gateway,incident-0063,memory_leak,True,9.794166416666666,heldout_regime,logistic_raw
heldout_regime-606,api-gateway,incident-0067,traffic_overload,True,9.864858083333333,heldout_regime,logistic_raw
heldout_regime-606,api-gateway,incident-0071,cpu_saturation,True,9.380244699999999,heldout_regime,logistic_raw
heldout_regime-606,api-gateway,incident-0076,cpu_saturation,True,9.095641883333334,heldout_regime,logistic_raw
heldout_regime-606,api-gateway,incident-0081,database_degradation,True,9.020766083333333,heldout_regime,logistic_raw
heldout_regime-606,api-gateway,incident-0086,traffic_overload,True,9.84528515,heldout_regime,logistic_raw
heldout_regime-606,api-gateway,incident-0091,database_degradation,True,9.698495549999999,heldout_regime,logistic_raw
heldout_regime-606,api-gateway,incident-0093,memory_leak,True,9.035996283333333,heldout_regime,logistic_raw
heldout_regime-606,api-gateway,incident-0096,database_degradation,True,9.21072125,heldout_regime,logistic_raw
heldout_regime-606,api-gateway,incident-0100,database_degradation,True,9.291908533333332,heldout_regime,logistic_raw
heldout_regime-606,auth-service,incident-0002,memory_leak,True,9.3075981,heldout_regime,logistic_raw
heldout_regime-606,auth-service,incident-0007,database_degradation,True,9.3590566,heldout_regime,logistic_raw
heldout_regime-606,auth-service,incident-0011,database_degradation,True,9.58125585,heldout_regime,logistic_raw
heldout_regime-606,auth-service,incident-0016,cpu_saturation,True,9.986076833333334,heldout_regime,logistic_raw
heldout_regime-606,auth-service,incident-0020,memory_leak,True,9.001172200000001,heldout_regime,logistic_raw
heldout_regime-606,auth-service,incident-0022,traffic_overload,True,9.53385795,heldout_regime,logistic_raw
heldout_regime-606,auth-service,incident-0026,cpu_saturation,True,9.029017033333334,heldout_regime,logistic_raw
heldout_regime-606,auth-service,incident-0031,cpu_saturation,True,9.660951966666666,heldout_regime,logistic_raw
heldout_regime-606,auth-service,incident-0035,memory_leak,True,9.735786383333334,heldout_regime,logistic_raw
heldout_regime-606,auth-service,incident-0037,traffic_overload,True,9.380909183333333,heldout_regime,logistic_raw
heldout_regime-606,auth-service,incident-0041,traffic_overload,True,9.881618466666668,heldout_regime,logistic_raw
heldout_regime-606,auth-service,incident-0045,traffic_overload,True,9.545588116666666,heldout_regime,logistic_raw
heldout_regime-606,auth-service,incident-0049,cpu_saturation,True,9.95806075,heldout_regime,logistic_raw
heldout_regime-606,auth-service,incident-0052,cpu_saturation,True,9.2276449,heldout_regime,logistic_raw
heldout_regime-606,auth-service,incident-0055,memory_leak,True,9.407056766666667,heldout_regime,logistic_raw
heldout_regime-606,auth-service,incident-0059,traffic_overload,True,9.25235195,heldout_regime,logistic_raw
heldout_regime-606,auth-service,incident-0064,database_degradation,True,9.175800883333332,heldout_regime,logistic_raw
heldout_regime-606,auth-service,incident-0068,cpu_saturation,True,9.847504466666667,heldout_regime,logistic_raw
heldout_regime-606,auth-service,incident-0072,cpu_saturation,True,9.2247558,heldout_regime,logistic_raw
heldout_regime-606,auth-service,incident-0075,traffic_overload,True,9.675952416666666,heldout_regime,logistic_raw
heldout_regime-606,auth-service,incident-0079,memory_leak,True,9.05078425,heldout_regime,logistic_raw
heldout_regime-606,auth-service,incident-0083,traffic_overload,True,9.34639975,heldout_regime,logistic_raw
heldout_regime-606,auth-service,incident-0084,memory_leak,True,9.873183166666667,heldout_regime,logistic_raw
heldout_regime-606,auth-service,incident-0088,memory_leak,True,9.424484766666666,heldout_regime,logistic_raw
heldout_regime-606,auth-service,incident-0092,cpu_saturation,True,9.375033033333333,heldout_regime,logistic_raw
heldout_regime-606,auth-service,incident-0097,memory_leak,True,9.362910616666666,heldout_regime,logistic_raw
heldout_regime-606,auth-service,incident-0102,cpu_saturation,True,9.996676416666666,heldout_regime,logistic_raw
heldout_regime-606,catalog-service,incident-0000,cpu_saturation,True,9.990399616666668,heldout_regime,logistic_raw
heldout_regime-606,catalog-service,incident-0004,traffic_overload,True,9.96546565,heldout_regime,logistic_raw
heldout_regime-606,catalog-service,incident-0010,cpu_saturation,True,9.448767766666666,heldout_regime,logistic_raw
heldout_regime-606,catalog-service,incident-0014,cpu_saturation,True,9.688692016666666,heldout_regime,logistic_raw
heldout_regime-606,catalog-service,incident-0018,memory_leak,True,9.9156139,heldout_regime,logistic_raw
heldout_regime-606,catalog-service,incident-0024,traffic_overload,True,9.288125083333334,heldout_regime,logistic_raw
heldout_regime-606,catalog-service,incident-0029,database_degradation,True,9.931263966666668,heldout_regime,logistic_raw
heldout_regime-606,catalog-service,incident-0034,memory_leak,True,9.152374,heldout_regime,logistic_raw
heldout_regime-606,catalog-service,incident-0038,memory_leak,True,9.466576883333333,heldout_regime,logistic_raw
heldout_regime-606,catalog-service,incident-0042,memory_leak,True,9.933662666666667,heldout_regime,logistic_raw
heldout_regime-606,catalog-service,incident-0046,traffic_overload,True,9.675520650000001,heldout_regime,logistic_raw
heldout_regime-606,catalog-service,incident-0050,traffic_overload,True,9.37486045,heldout_regime,logistic_raw
heldout_regime-606,catalog-service,incident-0053,cpu_saturation,True,9.4348837,heldout_regime,logistic_raw
heldout_regime-606,catalog-service,incident-0056,memory_leak,True,9.739964966666667,heldout_regime,logistic_raw
heldout_regime-606,catalog-service,incident-0061,cpu_saturation,True,9.378524800000001,heldout_regime,logistic_raw
heldout_regime-606,catalog-service,incident-0065,traffic_overload,True,9.444163266666667,heldout_regime,logistic_raw
heldout_regime-606,catalog-service,incident-0069,memory_leak,True,9.267981716666666,heldout_regime,logistic_raw
heldout_regime-606,catalog-service,incident-0073,traffic_overload,True,9.06879815,heldout_regime,logistic_raw
heldout_regime-606,catalog-service,incident-0077,memory_leak,True,9.605626266666667,heldout_regime,logistic_raw
heldout_regime-606,catalog-service,incident-0080,database_degradation,True,9.900398483333333,heldout_regime,logistic_raw
heldout_regime-606,catalog-service,incident-0087,cpu_saturation,True,9.687564233333335,heldout_regime,logistic_raw
heldout_regime-606,catalog-service,incident-0090,database_degradation,True,9.1650002,heldout_regime,logistic_raw
heldout_regime-606,catalog-service,incident-0095,memory_leak,True,9.39841925,heldout_regime,logistic_raw
heldout_regime-606,catalog-service,incident-0099,database_degradation,True,9.082515566666666,heldout_regime,logistic_raw
heldout_regime-606,search-service,incident-0001,database_degradation,True,9.714035366666668,heldout_regime,logistic_raw
heldout_regime-606,search-service,incident-0006,memory_leak,True,9.282220933333333,heldout_regime,logistic_raw
heldout_regime-606,search-service,incident-0009,traffic_overload,True,9.792750366666667,heldout_regime,logistic_raw
heldout_regime-606,search-service,incident-0012,memory_leak,True,9.173742416666666,heldout_regime,logistic_raw
heldout_regime-606,search-service,incident-0015,memory_leak,True,9.785349916666666,heldout_regime,logistic_raw
heldout_regime-606,search-service,incident-0019,database_degradation,True,9.146941866666667,heldout_regime,logistic_raw
heldout_regime-606,search-service,incident-0023,cpu_saturation,True,9.685169066666667,heldout_regime,logistic_raw
heldout_regime-606,search-service,incident-0027,cpu_saturation,True,9.147078216666667,heldout_regime,logistic_raw
heldout_regime-606,search-service,incident-0032,database_degradation,True,9.4106964,heldout_regime,logistic_raw
heldout_regime-606,search-service,incident-0036,memory_leak,True,9.912325483333332,heldout_regime,logistic_raw
heldout_regime-606,search-service,incident-0040,traffic_overload,True,9.683190683333333,heldout_regime,logistic_raw
heldout_regime-606,search-service,incident-0044,cpu_saturation,True,9.205333066666666,heldout_regime,logistic_raw
heldout_regime-606,search-service,incident-0048,database_degradation,True,9.569262233333335,heldout_regime,logistic_raw
heldout_regime-606,search-service,incident-0054,memory_leak,True,9.16994555,heldout_regime,logistic_raw
heldout_regime-606,search-service,incident-0058,database_degradation,True,9.808916649999999,heldout_regime,logistic_raw
heldout_regime-606,search-service,incident-0062,database_degradation,True,9.097657883333333,heldout_regime,logistic_raw
heldout_regime-606,search-service,incident-0066,traffic_overload,True,9.516900066666667,heldout_regime,logistic_raw
heldout_regime-606,search-service,incident-0070,database_degradation,True,9.250852133333332,heldout_regime,logistic_raw
heldout_regime-606,search-service,incident-0074,cpu_saturation,True,9.965455516666667,heldout_regime,logistic_raw
heldout_regime-606,search-service,incident-0078,traffic_overload,True,9.033074449999999,heldout_regime,logistic_raw
heldout_regime-606,search-service,incident-0082,database_degradation,True,9.16486555,heldout_regime,logistic_raw
heldout_regime-606,search-service,incident-0085,cpu_saturation,True,9.414427733333333,heldout_regime,logistic_raw
heldout_regime-606,search-service,incident-0089,traffic_overload,True,9.411221866666667,heldout_regime,logistic_raw
heldout_regime-606,search-service,incident-0094,cpu_saturation,True,9.649138533333334,heldout_regime,logistic_raw
heldout_regime-606,search-service,incident-0098,database_degradation,True,9.837207966666666,heldout_regime,logistic_raw
heldout_regime-606,search-service,incident-0101,traffic_overload,True,9.626416283333333,heldout_regime,logistic_raw
heldout_regime-707,api-gateway,incident-0002,traffic_overload,True,9.941850633333333,heldout_regime,logistic_raw
heldout_regime-707,api-gateway,incident-0006,cpu_saturation,True,9.83298745,heldout_regime,logistic_raw
heldout_regime-707,api-gateway,incident-0011,traffic_overload,True,9.341245533333334,heldout_regime,logistic_raw
heldout_regime-707,api-gateway,incident-0014,memory_leak,True,9.2236171,heldout_regime,logistic_raw
heldout_regime-707,api-gateway,incident-0019,memory_leak,True,9.245264200000001,heldout_regime,logistic_raw
heldout_regime-707,api-gateway,incident-0021,database_degradation,True,9.362302633333334,heldout_regime,logistic_raw
heldout_regime-707,api-gateway,incident-0025,database_degradation,True,9.106070733333333,heldout_regime,logistic_raw
heldout_regime-707,api-gateway,incident-0029,cpu_saturation,True,9.127776149999999,heldout_regime,logistic_raw
heldout_regime-707,api-gateway,incident-0033,cpu_saturation,True,9.7561774,heldout_regime,logistic_raw
heldout_regime-707,api-gateway,incident-0039,memory_leak,True,9.3377567,heldout_regime,logistic_raw
heldout_regime-707,api-gateway,incident-0043,database_degradation,True,9.780936516666666,heldout_regime,logistic_raw
heldout_regime-707,api-gateway,incident-0047,cpu_saturation,True,9.3102276,heldout_regime,logistic_raw
heldout_regime-707,api-gateway,incident-0050,traffic_overload,True,9.99529375,heldout_regime,logistic_raw
heldout_regime-707,api-gateway,incident-0055,traffic_overload,True,9.139856266666667,heldout_regime,logistic_raw
heldout_regime-707,api-gateway,incident-0058,memory_leak,True,9.991067249999999,heldout_regime,logistic_raw
heldout_regime-707,api-gateway,incident-0062,memory_leak,True,9.667575583333333,heldout_regime,logistic_raw
heldout_regime-707,api-gateway,incident-0066,cpu_saturation,True,9.785117166666668,heldout_regime,logistic_raw
heldout_regime-707,api-gateway,incident-0070,cpu_saturation,True,9.2406207,heldout_regime,logistic_raw
heldout_regime-707,api-gateway,incident-0076,traffic_overload,True,9.437048183333333,heldout_regime,logistic_raw
heldout_regime-707,api-gateway,incident-0079,memory_leak,True,9.412782183333332,heldout_regime,logistic_raw
heldout_regime-707,api-gateway,incident-0082,traffic_overload,True,9.117289983333334,heldout_regime,logistic_raw
heldout_regime-707,api-gateway,incident-0087,database_degradation,True,9.087688716666666,heldout_regime,logistic_raw
heldout_regime-707,api-gateway,incident-0089,cpu_saturation,True,9.301619833333332,heldout_regime,logistic_raw
heldout_regime-707,api-gateway,incident-0093,database_degradation,True,9.805753533333332,heldout_regime,logistic_raw
heldout_regime-707,api-gateway,incident-0097,database_degradation,True,9.795444949999998,heldout_regime,logistic_raw
heldout_regime-707,api-gateway,incident-0102,traffic_overload,True,9.859530733333335,heldout_regime,logistic_raw
heldout_regime-707,auth-service,incident-0004,traffic_overload,True,9.70945665,heldout_regime,logistic_raw
heldout_regime-707,auth-service,incident-0009,memory_leak,True,9.389684116666666,heldout_regime,logistic_raw
heldout_regime-707,auth-service,incident-0012,traffic_overload,True,9.030543866666667,heldout_regime,logistic_raw
heldout_regime-707,auth-service,incident-0015,memory_leak,True,9.236172933333334,heldout_regime,logistic_raw
heldout_regime-707,auth-service,incident-0018,memory_leak,True,9.289019166666666,heldout_regime,logistic_raw
heldout_regime-707,auth-service,incident-0023,traffic_overload,True,9.748821116666667,heldout_regime,logistic_raw
heldout_regime-707,auth-service,incident-0027,database_degradation,True,9.9356405,heldout_regime,logistic_raw
heldout_regime-707,auth-service,incident-0031,traffic_overload,True,9.586679016666666,heldout_regime,logistic_raw
heldout_regime-707,auth-service,incident-0036,traffic_overload,True,9.514438733333332,heldout_regime,logistic_raw
heldout_regime-707,auth-service,incident-0040,cpu_saturation,True,9.6019535,heldout_regime,logistic_raw
heldout_regime-707,auth-service,incident-0041,memory_leak,True,9.53072855,heldout_regime,logistic_raw
heldout_regime-707,auth-service,incident-0045,memory_leak,True,9.546796083333334,heldout_regime,logistic_raw
heldout_regime-707,auth-service,incident-0049,database_degradation,True,9.581077716666666,heldout_regime,logistic_raw
heldout_regime-707,auth-service,incident-0054,memory_leak,True,9.196715033333334,heldout_regime,logistic_raw
heldout_regime-707,auth-service,incident-0059,memory_leak,True,9.614890483333333,heldout_regime,logistic_raw
heldout_regime-707,auth-service,incident-0063,cpu_saturation,True,9.218808283333335,heldout_regime,logistic_raw
heldout_regime-707,auth-service,incident-0064,traffic_overload,True,9.250470966666667,heldout_regime,logistic_raw
heldout_regime-707,auth-service,incident-0069,database_degradation,True,9.3868861,heldout_regime,logistic_raw
heldout_regime-707,auth-service,incident-0072,cpu_saturation,True,9.16933775,heldout_regime,logistic_raw
heldout_regime-707,auth-service,incident-0077,traffic_overload,True,9.055791699999999,heldout_regime,logistic_raw
heldout_regime-707,auth-service,incident-0078,memory_leak,True,9.761659866666667,heldout_regime,logistic_raw
heldout_regime-707,auth-service,incident-0083,cpu_saturation,True,9.018469216666666,heldout_regime,logistic_raw
heldout_regime-707,auth-service,incident-0085,memory_leak,True,9.559615983333334,heldout_regime,logistic_raw
heldout_regime-707,auth-service,incident-0090,memory_leak,True,9.29413705,heldout_regime,logistic_raw
heldout_regime-707,auth-service,incident-0095,memory_leak,True,9.0131064,heldout_regime,logistic_raw
heldout_regime-707,auth-service,incident-0098,cpu_saturation,True,9.67933835,heldout_regime,logistic_raw
heldout_regime-707,auth-service,incident-0101,traffic_overload,True,9.127786200000001,heldout_regime,logistic_raw
heldout_regime-707,catalog-service,incident-0001,memory_leak,True,9.897378466666668,heldout_regime,logistic_raw
heldout_regime-707,catalog-service,incident-0005,database_degradation,True,9.691675,heldout_regime,logistic_raw
heldout_regime-707,catalog-service,incident-0008,database_degradation,True,9.320727683333333,heldout_regime,logistic_raw
heldout_regime-707,catalog-service,incident-0013,database_degradation,True,9.27405235,heldout_regime,logistic_raw
heldout_regime-707,catalog-service,incident-0016,database_degradation,True,9.1932586,heldout_regime,logistic_raw
heldout_regime-707,catalog-service,incident-0020,traffic_overload,True,9.575385033333333,heldout_regime,logistic_raw
heldout_regime-707,catalog-service,incident-0024,cpu_saturation,True,9.911090366666667,heldout_regime,logistic_raw
heldout_regime-707,catalog-service,incident-0028,cpu_saturation,True,9.045838383333335,heldout_regime,logistic_raw
heldout_regime-707,catalog-service,incident-0032,database_degradation,True,9.7317814,heldout_regime,logistic_raw
heldout_regime-707,catalog-service,incident-0035,memory_leak,True,9.583747066666666,heldout_regime,logistic_raw
heldout_regime-707,catalog-service,incident-0038,database_degradation,True,9.835966416666668,heldout_regime,logistic_raw
heldout_regime-707,catalog-service,incident-0044,memory_leak,True,9.5958423,heldout_regime,logistic_raw
heldout_regime-707,catalog-service,incident-0048,database_degradation,True,9.301860866666667,heldout_regime,logistic_raw
heldout_regime-707,catalog-service,incident-0052,memory_leak,True,9.710414466666666,heldout_regime,logistic_raw
heldout_regime-707,catalog-service,incident-0056,cpu_saturation,True,9.494964516666666,heldout_regime,logistic_raw
heldout_regime-707,catalog-service,incident-0061,traffic_overload,True,9.352717133333334,heldout_regime,logistic_raw
heldout_regime-707,catalog-service,incident-0067,database_degradation,True,9.0340163,heldout_regime,logistic_raw
heldout_regime-707,catalog-service,incident-0071,cpu_saturation,True,9.060045133333334,heldout_regime,logistic_raw
heldout_regime-707,catalog-service,incident-0074,cpu_saturation,True,9.006120133333333,heldout_regime,logistic_raw
heldout_regime-707,catalog-service,incident-0080,memory_leak,True,9.719722666666666,heldout_regime,logistic_raw
heldout_regime-707,catalog-service,incident-0084,cpu_saturation,True,9.186021833333333,heldout_regime,logistic_raw
heldout_regime-707,catalog-service,incident-0088,memory_leak,True,9.421137883333333,heldout_regime,logistic_raw
heldout_regime-707,catalog-service,incident-0092,traffic_overload,True,9.137114866666668,heldout_regime,logistic_raw
heldout_regime-707,catalog-service,incident-0096,traffic_overload,True,9.24425195,heldout_regime,logistic_raw
heldout_regime-707,catalog-service,incident-0100,memory_leak,True,9.230264949999999,heldout_regime,logistic_raw
heldout_regime-707,search-service,incident-0000,traffic_overload,True,9.944189450000001,heldout_regime,logistic_raw
heldout_regime-707,search-service,incident-0003,traffic_overload,True,9.767767099999999,heldout_regime,logistic_raw
heldout_regime-707,search-service,incident-0007,traffic_overload,True,9.22698415,heldout_regime,logistic_raw
heldout_regime-707,search-service,incident-0010,database_degradation,True,9.235567466666668,heldout_regime,logistic_raw
heldout_regime-707,search-service,incident-0017,database_degradation,True,9.293393916666668,heldout_regime,logistic_raw
heldout_regime-707,search-service,incident-0022,database_degradation,True,9.005042783333332,heldout_regime,logistic_raw
heldout_regime-707,search-service,incident-0026,traffic_overload,True,9.52793685,heldout_regime,logistic_raw
heldout_regime-707,search-service,incident-0030,cpu_saturation,True,9.855168966666668,heldout_regime,logistic_raw
heldout_regime-707,search-service,incident-0034,database_degradation,True,9.469888633333333,heldout_regime,logistic_raw
heldout_regime-707,search-service,incident-0037,cpu_saturation,True,9.887804066666666,heldout_regime,logistic_raw
heldout_regime-707,search-service,incident-0042,cpu_saturation,True,9.0731121,heldout_regime,logistic_raw
heldout_regime-707,search-service,incident-0046,traffic_overload,True,9.302372850000001,heldout_regime,logistic_raw
heldout_regime-707,search-service,incident-0051,memory_leak,True,9.696562166666666,heldout_regime,logistic_raw
heldout_regime-707,search-service,incident-0053,cpu_saturation,True,9.680052316666666,heldout_regime,logistic_raw
heldout_regime-707,search-service,incident-0057,traffic_overload,True,9.299043883333333,heldout_regime,logistic_raw
heldout_regime-707,search-service,incident-0060,traffic_overload,True,9.811186566666667,heldout_regime,logistic_raw
heldout_regime-707,search-service,incident-0065,traffic_overload,True,9.411322016666666,heldout_regime,logistic_raw
heldout_regime-707,search-service,incident-0068,cpu_saturation,True,9.584812,heldout_regime,logistic_raw
heldout_regime-707,search-service,incident-0073,traffic_overload,True,9.0049637,heldout_regime,logistic_raw
heldout_regime-707,search-service,incident-0075,cpu_saturation,True,9.837711333333335,heldout_regime,logistic_raw
heldout_regime-707,search-service,incident-0081,cpu_saturation,True,9.851694333333334,heldout_regime,logistic_raw
heldout_regime-707,search-service,incident-0086,database_degradation,True,9.967247966666667,heldout_regime,logistic_raw
heldout_regime-707,search-service,incident-0091,cpu_saturation,True,9.104326283333334,heldout_regime,logistic_raw
heldout_regime-707,search-service,incident-0094,cpu_saturation,True,9.690311000000001,heldout_regime,logistic_raw
heldout_regime-707,search-service,incident-0099,traffic_overload,True,9.4403542,heldout_regime,logistic_raw
heldout_regime-606,api-gateway,incident-0003,database_degradation,True,9.573323116666668,heldout_regime,logistic_sigmoid
heldout_regime-606,api-gateway,incident-0005,cpu_saturation,True,9.82516465,heldout_regime,logistic_sigmoid
heldout_regime-606,api-gateway,incident-0008,cpu_saturation,True,9.601714533333334,heldout_regime,logistic_sigmoid
heldout_regime-606,api-gateway,incident-0013,database_degradation,True,9.585249800000001,heldout_regime,logistic_sigmoid
heldout_regime-606,api-gateway,incident-0017,database_degradation,True,9.60927315,heldout_regime,logistic_sigmoid
heldout_regime-606,api-gateway,incident-0021,database_degradation,True,9.611063883333333,heldout_regime,logistic_sigmoid
heldout_regime-606,api-gateway,incident-0025,traffic_overload,True,9.507087899999998,heldout_regime,logistic_sigmoid
heldout_regime-606,api-gateway,incident-0028,traffic_overload,True,9.28143065,heldout_regime,logistic_sigmoid
heldout_regime-606,api-gateway,incident-0030,traffic_overload,True,9.780315566666667,heldout_regime,logistic_sigmoid
heldout_regime-606,api-gateway,incident-0033,cpu_saturation,True,9.12669515,heldout_regime,logistic_sigmoid
heldout_regime-606,api-gateway,incident-0039,memory_leak,True,9.54828285,heldout_regime,logistic_sigmoid
heldout_regime-606,api-gateway,incident-0043,database_degradation,True,9.425009433333335,heldout_regime,logistic_sigmoid
heldout_regime-606,api-gateway,incident-0047,cpu_saturation,True,9.303929516666667,heldout_regime,logistic_sigmoid
heldout_regime-606,api-gateway,incident-0051,traffic_overload,True,9.8494068,heldout_regime,logistic_sigmoid
heldout_regime-606,api-gateway,incident-0057,database_degradation,True,9.73348765,heldout_regime,logistic_sigmoid
heldout_regime-606,api-gateway,incident-0060,traffic_overload,True,9.94214865,heldout_regime,logistic_sigmoid
heldout_regime-606,api-gateway,incident-0063,memory_leak,True,9.794166416666666,heldout_regime,logistic_sigmoid
heldout_regime-606,api-gateway,incident-0067,traffic_overload,True,9.864858083333333,heldout_regime,logistic_sigmoid
heldout_regime-606,api-gateway,incident-0071,cpu_saturation,True,9.380244699999999,heldout_regime,logistic_sigmoid
heldout_regime-606,api-gateway,incident-0076,cpu_saturation,True,9.095641883333334,heldout_regime,logistic_sigmoid
heldout_regime-606,api-gateway,incident-0081,database_degradation,True,9.020766083333333,heldout_regime,logistic_sigmoid
heldout_regime-606,api-gateway,incident-0086,traffic_overload,True,9.84528515,heldout_regime,logistic_sigmoid
heldout_regime-606,api-gateway,incident-0091,database_degradation,True,9.698495549999999,heldout_regime,logistic_sigmoid
heldout_regime-606,api-gateway,incident-0093,memory_leak,True,9.035996283333333,heldout_regime,logistic_sigmoid
heldout_regime-606,api-gateway,incident-0096,database_degradation,True,9.21072125,heldout_regime,logistic_sigmoid
heldout_regime-606,api-gateway,incident-0100,database_degradation,True,9.291908533333332,heldout_regime,logistic_sigmoid
heldout_regime-606,auth-service,incident-0002,memory_leak,True,9.3075981,heldout_regime,logistic_sigmoid
heldout_regime-606,auth-service,incident-0007,database_degradation,True,9.3590566,heldout_regime,logistic_sigmoid
heldout_regime-606,auth-service,incident-0011,database_degradation,True,9.58125585,heldout_regime,logistic_sigmoid
heldout_regime-606,auth-service,incident-0016,cpu_saturation,True,9.986076833333334,heldout_regime,logistic_sigmoid
heldout_regime-606,auth-service,incident-0020,memory_leak,True,9.001172200000001,heldout_regime,logistic_sigmoid
heldout_regime-606,auth-service,incident-0022,traffic_overload,True,9.53385795,heldout_regime,logistic_sigmoid
heldout_regime-606,auth-service,incident-0026,cpu_saturation,True,9.029017033333334,heldout_regime,logistic_sigmoid
heldout_regime-606,auth-service,incident-0031,cpu_saturation,True,9.660951966666666,heldout_regime,logistic_sigmoid
heldout_regime-606,auth-service,incident-0035,memory_leak,True,9.735786383333334,heldout_regime,logistic_sigmoid
heldout_regime-606,auth-service,incident-0037,traffic_overload,True,9.380909183333333,heldout_regime,logistic_sigmoid
heldout_regime-606,auth-service,incident-0041,traffic_overload,True,9.881618466666668,heldout_regime,logistic_sigmoid
heldout_regime-606,auth-service,incident-0045,traffic_overload,True,9.545588116666666,heldout_regime,logistic_sigmoid
heldout_regime-606,auth-service,incident-0049,cpu_saturation,True,9.95806075,heldout_regime,logistic_sigmoid
heldout_regime-606,auth-service,incident-0052,cpu_saturation,True,9.2276449,heldout_regime,logistic_sigmoid
heldout_regime-606,auth-service,incident-0055,memory_leak,True,9.407056766666667,heldout_regime,logistic_sigmoid
heldout_regime-606,auth-service,incident-0059,traffic_overload,True,9.25235195,heldout_regime,logistic_sigmoid
heldout_regime-606,auth-service,incident-0064,database_degradation,True,9.175800883333332,heldout_regime,logistic_sigmoid
heldout_regime-606,auth-service,incident-0068,cpu_saturation,True,9.847504466666667,heldout_regime,logistic_sigmoid
heldout_regime-606,auth-service,incident-0072,cpu_saturation,True,9.2247558,heldout_regime,logistic_sigmoid
heldout_regime-606,auth-service,incident-0075,traffic_overload,True,9.675952416666666,heldout_regime,logistic_sigmoid
heldout_regime-606,auth-service,incident-0079,memory_leak,True,9.05078425,heldout_regime,logistic_sigmoid
heldout_regime-606,auth-service,incident-0083,traffic_overload,True,9.34639975,heldout_regime,logistic_sigmoid
heldout_regime-606,auth-service,incident-0084,memory_leak,True,9.873183166666667,heldout_regime,logistic_sigmoid
heldout_regime-606,auth-service,incident-0088,memory_leak,True,9.424484766666666,heldout_regime,logistic_sigmoid
heldout_regime-606,auth-service,incident-0092,cpu_saturation,True,9.375033033333333,heldout_regime,logistic_sigmoid
heldout_regime-606,auth-service,incident-0097,memory_leak,True,9.362910616666666,heldout_regime,logistic_sigmoid
heldout_regime-606,auth-service,incident-0102,cpu_saturation,True,9.996676416666666,heldout_regime,logistic_sigmoid
heldout_regime-606,catalog-service,incident-0000,cpu_saturation,True,9.990399616666668,heldout_regime,logistic_sigmoid
heldout_regime-606,catalog-service,incident-0004,traffic_overload,True,9.96546565,heldout_regime,logistic_sigmoid
heldout_regime-606,catalog-service,incident-0010,cpu_saturation,True,9.448767766666666,heldout_regime,logistic_sigmoid
heldout_regime-606,catalog-service,incident-0014,cpu_saturation,True,9.688692016666666,heldout_regime,logistic_sigmoid
heldout_regime-606,catalog-service,incident-0018,memory_leak,True,9.9156139,heldout_regime,logistic_sigmoid
heldout_regime-606,catalog-service,incident-0024,traffic_overload,True,9.288125083333334,heldout_regime,logistic_sigmoid
heldout_regime-606,catalog-service,incident-0029,database_degradation,True,9.931263966666668,heldout_regime,logistic_sigmoid
heldout_regime-606,catalog-service,incident-0034,memory_leak,True,9.152374,heldout_regime,logistic_sigmoid
heldout_regime-606,catalog-service,incident-0038,memory_leak,True,9.466576883333333,heldout_regime,logistic_sigmoid
heldout_regime-606,catalog-service,incident-0042,memory_leak,True,9.933662666666667,heldout_regime,logistic_sigmoid
heldout_regime-606,catalog-service,incident-0046,traffic_overload,True,9.675520650000001,heldout_regime,logistic_sigmoid
heldout_regime-606,catalog-service,incident-0050,traffic_overload,True,9.37486045,heldout_regime,logistic_sigmoid
heldout_regime-606,catalog-service,incident-0053,cpu_saturation,True,9.4348837,heldout_regime,logistic_sigmoid
heldout_regime-606,catalog-service,incident-0056,memory_leak,True,9.739964966666667,heldout_regime,logistic_sigmoid
heldout_regime-606,catalog-service,incident-0061,cpu_saturation,True,9.378524800000001,heldout_regime,logistic_sigmoid
heldout_regime-606,catalog-service,incident-0065,traffic_overload,True,9.444163266666667,heldout_regime,logistic_sigmoid
heldout_regime-606,catalog-service,incident-0069,memory_leak,True,9.267981716666666,heldout_regime,logistic_sigmoid
heldout_regime-606,catalog-service,incident-0073,traffic_overload,True,9.06879815,heldout_regime,logistic_sigmoid
heldout_regime-606,catalog-service,incident-0077,memory_leak,True,9.605626266666667,heldout_regime,logistic_sigmoid
heldout_regime-606,catalog-service,incident-0080,database_degradation,True,9.900398483333333,heldout_regime,logistic_sigmoid
heldout_regime-606,catalog-service,incident-0087,cpu_saturation,True,9.687564233333335,heldout_regime,logistic_sigmoid
heldout_regime-606,catalog-service,incident-0090,database_degradation,True,9.1650002,heldout_regime,logistic_sigmoid
heldout_regime-606,catalog-service,incident-0095,memory_leak,True,9.39841925,heldout_regime,logistic_sigmoid
heldout_regime-606,catalog-service,incident-0099,database_degradation,True,9.082515566666666,heldout_regime,logistic_sigmoid
heldout_regime-606,search-service,incident-0001,database_degradation,True,9.714035366666668,heldout_regime,logistic_sigmoid
heldout_regime-606,search-service,incident-0006,memory_leak,True,9.282220933333333,heldout_regime,logistic_sigmoid
heldout_regime-606,search-service,incident-0009,traffic_overload,True,9.792750366666667,heldout_regime,logistic_sigmoid
heldout_regime-606,search-service,incident-0012,memory_leak,True,9.173742416666666,heldout_regime,logistic_sigmoid
heldout_regime-606,search-service,incident-0015,memory_leak,True,9.785349916666666,heldout_regime,logistic_sigmoid
heldout_regime-606,search-service,incident-0019,database_degradation,True,9.146941866666667,heldout_regime,logistic_sigmoid
heldout_regime-606,search-service,incident-0023,cpu_saturation,True,9.685169066666667,heldout_regime,logistic_sigmoid
heldout_regime-606,search-service,incident-0027,cpu_saturation,True,9.147078216666667,heldout_regime,logistic_sigmoid
heldout_regime-606,search-service,incident-0032,database_degradation,True,9.4106964,heldout_regime,logistic_sigmoid
heldout_regime-606,search-service,incident-0036,memory_leak,True,9.912325483333332,heldout_regime,logistic_sigmoid
heldout_regime-606,search-service,incident-0040,traffic_overload,True,9.683190683333333,heldout_regime,logistic_sigmoid
heldout_regime-606,search-service,incident-0044,cpu_saturation,True,9.205333066666666,heldout_regime,logistic_sigmoid
heldout_regime-606,search-service,incident-0048,database_degradation,True,9.569262233333335,heldout_regime,logistic_sigmoid
heldout_regime-606,search-service,incident-0054,memory_leak,True,9.16994555,heldout_regime,logistic_sigmoid
heldout_regime-606,search-service,incident-0058,database_degradation,True,9.808916649999999,heldout_regime,logistic_sigmoid
heldout_regime-606,search-service,incident-0062,database_degradation,True,9.097657883333333,heldout_regime,logistic_sigmoid
heldout_regime-606,search-service,incident-0066,traffic_overload,True,9.516900066666667,heldout_regime,logistic_sigmoid
heldout_regime-606,search-service,incident-0070,database_degradation,True,9.250852133333332,heldout_regime,logistic_sigmoid
heldout_regime-606,search-service,incident-0074,cpu_saturation,True,9.965455516666667,heldout_regime,logistic_sigmoid
heldout_regime-606,search-service,incident-0078,traffic_overload,True,9.033074449999999,heldout_regime,logistic_sigmoid
heldout_regime-606,search-service,incident-0082,database_degradation,True,9.16486555,heldout_regime,logistic_sigmoid
heldout_regime-606,search-service,incident-0085,cpu_saturation,True,9.414427733333333,heldout_regime,logistic_sigmoid
heldout_regime-606,search-service,incident-0089,traffic_overload,True,9.411221866666667,heldout_regime,logistic_sigmoid
heldout_regime-606,search-service,incident-0094,cpu_saturation,True,9.649138533333334,heldout_regime,logistic_sigmoid
heldout_regime-606,search-service,incident-0098,database_degradation,True,9.837207966666666,heldout_regime,logistic_sigmoid
heldout_regime-606,search-service,incident-0101,traffic_overload,True,9.626416283333333,heldout_regime,logistic_sigmoid
heldout_regime-707,api-gateway,incident-0002,traffic_overload,True,9.941850633333333,heldout_regime,logistic_sigmoid
heldout_regime-707,api-gateway,incident-0006,cpu_saturation,True,9.83298745,heldout_regime,logistic_sigmoid
heldout_regime-707,api-gateway,incident-0011,traffic_overload,True,9.341245533333334,heldout_regime,logistic_sigmoid
heldout_regime-707,api-gateway,incident-0014,memory_leak,True,9.2236171,heldout_regime,logistic_sigmoid
heldout_regime-707,api-gateway,incident-0019,memory_leak,True,9.245264200000001,heldout_regime,logistic_sigmoid
heldout_regime-707,api-gateway,incident-0021,database_degradation,True,9.362302633333334,heldout_regime,logistic_sigmoid
heldout_regime-707,api-gateway,incident-0025,database_degradation,True,9.106070733333333,heldout_regime,logistic_sigmoid
heldout_regime-707,api-gateway,incident-0029,cpu_saturation,True,9.127776149999999,heldout_regime,logistic_sigmoid
heldout_regime-707,api-gateway,incident-0033,cpu_saturation,True,9.7561774,heldout_regime,logistic_sigmoid
heldout_regime-707,api-gateway,incident-0039,memory_leak,True,9.3377567,heldout_regime,logistic_sigmoid
heldout_regime-707,api-gateway,incident-0043,database_degradation,True,9.780936516666666,heldout_regime,logistic_sigmoid
heldout_regime-707,api-gateway,incident-0047,cpu_saturation,True,9.3102276,heldout_regime,logistic_sigmoid
heldout_regime-707,api-gateway,incident-0050,traffic_overload,True,9.99529375,heldout_regime,logistic_sigmoid
heldout_regime-707,api-gateway,incident-0055,traffic_overload,True,9.139856266666667,heldout_regime,logistic_sigmoid
heldout_regime-707,api-gateway,incident-0058,memory_leak,True,9.991067249999999,heldout_regime,logistic_sigmoid
heldout_regime-707,api-gateway,incident-0062,memory_leak,True,9.667575583333333,heldout_regime,logistic_sigmoid
heldout_regime-707,api-gateway,incident-0066,cpu_saturation,True,9.785117166666668,heldout_regime,logistic_sigmoid
heldout_regime-707,api-gateway,incident-0070,cpu_saturation,True,9.2406207,heldout_regime,logistic_sigmoid
heldout_regime-707,api-gateway,incident-0076,traffic_overload,True,9.437048183333333,heldout_regime,logistic_sigmoid
heldout_regime-707,api-gateway,incident-0079,memory_leak,True,9.412782183333332,heldout_regime,logistic_sigmoid
heldout_regime-707,api-gateway,incident-0082,traffic_overload,True,9.117289983333334,heldout_regime,logistic_sigmoid
heldout_regime-707,api-gateway,incident-0087,database_degradation,True,9.087688716666666,heldout_regime,logistic_sigmoid
heldout_regime-707,api-gateway,incident-0089,cpu_saturation,True,9.301619833333332,heldout_regime,logistic_sigmoid
heldout_regime-707,api-gateway,incident-0093,database_degradation,True,9.805753533333332,heldout_regime,logistic_sigmoid
heldout_regime-707,api-gateway,incident-0097,database_degradation,True,9.795444949999998,heldout_regime,logistic_sigmoid
heldout_regime-707,api-gateway,incident-0102,traffic_overload,True,9.859530733333335,heldout_regime,logistic_sigmoid
heldout_regime-707,auth-service,incident-0004,traffic_overload,True,9.70945665,heldout_regime,logistic_sigmoid
heldout_regime-707,auth-service,incident-0009,memory_leak,True,9.389684116666666,heldout_regime,logistic_sigmoid
heldout_regime-707,auth-service,incident-0012,traffic_overload,True,9.030543866666667,heldout_regime,logistic_sigmoid
heldout_regime-707,auth-service,incident-0015,memory_leak,True,9.236172933333334,heldout_regime,logistic_sigmoid
heldout_regime-707,auth-service,incident-0018,memory_leak,True,9.289019166666666,heldout_regime,logistic_sigmoid
heldout_regime-707,auth-service,incident-0023,traffic_overload,True,9.748821116666667,heldout_regime,logistic_sigmoid
heldout_regime-707,auth-service,incident-0027,database_degradation,True,9.9356405,heldout_regime,logistic_sigmoid
heldout_regime-707,auth-service,incident-0031,traffic_overload,True,9.586679016666666,heldout_regime,logistic_sigmoid
heldout_regime-707,auth-service,incident-0036,traffic_overload,True,9.514438733333332,heldout_regime,logistic_sigmoid
heldout_regime-707,auth-service,incident-0040,cpu_saturation,True,9.6019535,heldout_regime,logistic_sigmoid
heldout_regime-707,auth-service,incident-0041,memory_leak,True,9.53072855,heldout_regime,logistic_sigmoid
heldout_regime-707,auth-service,incident-0045,memory_leak,True,9.546796083333334,heldout_regime,logistic_sigmoid
heldout_regime-707,auth-service,incident-0049,database_degradation,True,9.581077716666666,heldout_regime,logistic_sigmoid
heldout_regime-707,auth-service,incident-0054,memory_leak,True,9.196715033333334,heldout_regime,logistic_sigmoid
heldout_regime-707,auth-service,incident-0059,memory_leak,True,9.614890483333333,heldout_regime,logistic_sigmoid
heldout_regime-707,auth-service,incident-0063,cpu_saturation,True,9.218808283333335,heldout_regime,logistic_sigmoid
heldout_regime-707,auth-service,incident-0064,traffic_overload,True,9.250470966666667,heldout_regime,logistic_sigmoid
heldout_regime-707,auth-service,incident-0069,database_degradation,True,9.3868861,heldout_regime,logistic_sigmoid
heldout_regime-707,auth-service,incident-0072,cpu_saturation,True,9.16933775,heldout_regime,logistic_sigmoid
heldout_regime-707,auth-service,incident-0077,traffic_overload,True,9.055791699999999,heldout_regime,logistic_sigmoid
heldout_regime-707,auth-service,incident-0078,memory_leak,True,9.761659866666667,heldout_regime,logistic_sigmoid
heldout_regime-707,auth-service,incident-0083,cpu_saturation,True,9.018469216666666,heldout_regime,logistic_sigmoid
heldout_regime-707,auth-service,incident-0085,memory_leak,True,9.559615983333334,heldout_regime,logistic_sigmoid
heldout_regime-707,auth-service,incident-0090,memory_leak,True,9.29413705,heldout_regime,logistic_sigmoid
heldout_regime-707,auth-service,incident-0095,memory_leak,True,9.0131064,heldout_regime,logistic_sigmoid
heldout_regime-707,auth-service,incident-0098,cpu_saturation,True,9.67933835,heldout_regime,logistic_sigmoid
heldout_regime-707,auth-service,incident-0101,traffic_overload,True,9.127786200000001,heldout_regime,logistic_sigmoid
heldout_regime-707,catalog-service,incident-0001,memory_leak,True,9.897378466666668,heldout_regime,logistic_sigmoid
heldout_regime-707,catalog-service,incident-0005,database_degradation,True,9.691675,heldout_regime,logistic_sigmoid
heldout_regime-707,catalog-service,incident-0008,database_degradation,True,9.320727683333333,heldout_regime,logistic_sigmoid
heldout_regime-707,catalog-service,incident-0013,database_degradation,True,9.27405235,heldout_regime,logistic_sigmoid
heldout_regime-707,catalog-service,incident-0016,database_degradation,True,9.1932586,heldout_regime,logistic_sigmoid
heldout_regime-707,catalog-service,incident-0020,traffic_overload,True,9.575385033333333,heldout_regime,logistic_sigmoid
heldout_regime-707,catalog-service,incident-0024,cpu_saturation,True,9.911090366666667,heldout_regime,logistic_sigmoid
heldout_regime-707,catalog-service,incident-0028,cpu_saturation,True,9.045838383333335,heldout_regime,logistic_sigmoid
heldout_regime-707,catalog-service,incident-0032,database_degradation,True,9.7317814,heldout_regime,logistic_sigmoid
heldout_regime-707,catalog-service,incident-0035,memory_leak,True,9.583747066666666,heldout_regime,logistic_sigmoid
heldout_regime-707,catalog-service,incident-0038,database_degradation,True,9.835966416666668,heldout_regime,logistic_sigmoid
heldout_regime-707,catalog-service,incident-0044,memory_leak,True,9.5958423,heldout_regime,logistic_sigmoid
heldout_regime-707,catalog-service,incident-0048,database_degradation,True,9.301860866666667,heldout_regime,logistic_sigmoid
heldout_regime-707,catalog-service,incident-0052,memory_leak,True,9.710414466666666,heldout_regime,logistic_sigmoid
heldout_regime-707,catalog-service,incident-0056,cpu_saturation,True,9.494964516666666,heldout_regime,logistic_sigmoid
heldout_regime-707,catalog-service,incident-0061,traffic_overload,True,9.352717133333334,heldout_regime,logistic_sigmoid
heldout_regime-707,catalog-service,incident-0067,database_degradation,True,9.0340163,heldout_regime,logistic_sigmoid
heldout_regime-707,catalog-service,incident-0071,cpu_saturation,True,9.060045133333334,heldout_regime,logistic_sigmoid
heldout_regime-707,catalog-service,incident-0074,cpu_saturation,True,9.006120133333333,heldout_regime,logistic_sigmoid
heldout_regime-707,catalog-service,incident-0080,memory_leak,True,9.719722666666666,heldout_regime,logistic_sigmoid
heldout_regime-707,catalog-service,incident-0084,cpu_saturation,True,9.186021833333333,heldout_regime,logistic_sigmoid
heldout_regime-707,catalog-service,incident-0088,memory_leak,True,9.421137883333333,heldout_regime,logistic_sigmoid
heldout_regime-707,catalog-service,incident-0092,traffic_overload,True,9.137114866666668,heldout_regime,logistic_sigmoid
heldout_regime-707,catalog-service,incident-0096,traffic_overload,True,9.24425195,heldout_regime,logistic_sigmoid
heldout_regime-707,catalog-service,incident-0100,memory_leak,True,9.230264949999999,heldout_regime,logistic_sigmoid
heldout_regime-707,search-service,incident-0000,traffic_overload,True,9.944189450000001,heldout_regime,logistic_sigmoid
heldout_regime-707,search-service,incident-0003,traffic_overload,True,9.767767099999999,heldout_regime,logistic_sigmoid
heldout_regime-707,search-service,incident-0007,traffic_overload,True,9.22698415,heldout_regime,logistic_sigmoid
heldout_regime-707,search-service,incident-0010,database_degradation,True,9.235567466666668,heldout_regime,logistic_sigmoid
heldout_regime-707,search-service,incident-0017,database_degradation,True,9.293393916666668,heldout_regime,logistic_sigmoid
heldout_regime-707,search-service,incident-0022,database_degradation,True,9.005042783333332,heldout_regime,logistic_sigmoid
heldout_regime-707,search-service,incident-0026,traffic_overload,True,9.52793685,heldout_regime,logistic_sigmoid
heldout_regime-707,search-service,incident-0030,cpu_saturation,True,9.855168966666668,heldout_regime,logistic_sigmoid
heldout_regime-707,search-service,incident-0034,database_degradation,True,9.469888633333333,heldout_regime,logistic_sigmoid
heldout_regime-707,search-service,incident-0037,cpu_saturation,True,9.887804066666666,heldout_regime,logistic_sigmoid
heldout_regime-707,search-service,incident-0042,cpu_saturation,True,9.0731121,heldout_regime,logistic_sigmoid
heldout_regime-707,search-service,incident-0046,traffic_overload,True,9.302372850000001,heldout_regime,logistic_sigmoid
heldout_regime-707,search-service,incident-0051,memory_leak,True,9.696562166666666,heldout_regime,logistic_sigmoid
heldout_regime-707,search-service,incident-0053,cpu_saturation,True,9.680052316666666,heldout_regime,logistic_sigmoid
heldout_regime-707,search-service,incident-0057,traffic_overload,True,9.299043883333333,heldout_regime,logistic_sigmoid
heldout_regime-707,search-service,incident-0060,traffic_overload,True,9.811186566666667,heldout_regime,logistic_sigmoid
heldout_regime-707,search-service,incident-0065,traffic_overload,True,9.411322016666666,heldout_regime,logistic_sigmoid
heldout_regime-707,search-service,incident-0068,cpu_saturation,True,9.584812,heldout_regime,logistic_sigmoid
heldout_regime-707,search-service,incident-0073,traffic_overload,True,9.0049637,heldout_regime,logistic_sigmoid
heldout_regime-707,search-service,incident-0075,cpu_saturation,True,9.837711333333335,heldout_regime,logistic_sigmoid
heldout_regime-707,search-service,incident-0081,cpu_saturation,True,9.851694333333334,heldout_regime,logistic_sigmoid
heldout_regime-707,search-service,incident-0086,database_degradation,True,9.967247966666667,heldout_regime,logistic_sigmoid
heldout_regime-707,search-service,incident-0091,cpu_saturation,True,9.104326283333334,heldout_regime,logistic_sigmoid
heldout_regime-707,search-service,incident-0094,cpu_saturation,True,9.690311000000001,heldout_regime,logistic_sigmoid
heldout_regime-707,search-service,incident-0099,traffic_overload,True,9.4403542,heldout_regime,logistic_sigmoid
heldout_regime-606,api-gateway,incident-0003,database_degradation,True,9.573323116666668,heldout_regime,prevalence_raw
heldout_regime-606,api-gateway,incident-0005,cpu_saturation,True,9.82516465,heldout_regime,prevalence_raw
heldout_regime-606,api-gateway,incident-0008,cpu_saturation,True,9.601714533333334,heldout_regime,prevalence_raw
heldout_regime-606,api-gateway,incident-0013,database_degradation,True,9.585249800000001,heldout_regime,prevalence_raw
heldout_regime-606,api-gateway,incident-0017,database_degradation,True,9.60927315,heldout_regime,prevalence_raw
heldout_regime-606,api-gateway,incident-0021,database_degradation,True,9.611063883333333,heldout_regime,prevalence_raw
heldout_regime-606,api-gateway,incident-0025,traffic_overload,True,9.507087899999998,heldout_regime,prevalence_raw
heldout_regime-606,api-gateway,incident-0028,traffic_overload,True,9.28143065,heldout_regime,prevalence_raw
heldout_regime-606,api-gateway,incident-0030,traffic_overload,True,9.780315566666667,heldout_regime,prevalence_raw
heldout_regime-606,api-gateway,incident-0033,cpu_saturation,True,9.12669515,heldout_regime,prevalence_raw
heldout_regime-606,api-gateway,incident-0039,memory_leak,True,9.54828285,heldout_regime,prevalence_raw
heldout_regime-606,api-gateway,incident-0043,database_degradation,True,9.425009433333335,heldout_regime,prevalence_raw
heldout_regime-606,api-gateway,incident-0047,cpu_saturation,True,9.303929516666667,heldout_regime,prevalence_raw
heldout_regime-606,api-gateway,incident-0051,traffic_overload,True,9.8494068,heldout_regime,prevalence_raw
heldout_regime-606,api-gateway,incident-0057,database_degradation,True,9.73348765,heldout_regime,prevalence_raw
heldout_regime-606,api-gateway,incident-0060,traffic_overload,True,9.94214865,heldout_regime,prevalence_raw
heldout_regime-606,api-gateway,incident-0063,memory_leak,True,9.794166416666666,heldout_regime,prevalence_raw
heldout_regime-606,api-gateway,incident-0067,traffic_overload,True,9.864858083333333,heldout_regime,prevalence_raw
heldout_regime-606,api-gateway,incident-0071,cpu_saturation,True,9.380244699999999,heldout_regime,prevalence_raw
heldout_regime-606,api-gateway,incident-0076,cpu_saturation,True,9.095641883333334,heldout_regime,prevalence_raw
heldout_regime-606,api-gateway,incident-0081,database_degradation,True,9.020766083333333,heldout_regime,prevalence_raw
heldout_regime-606,api-gateway,incident-0086,traffic_overload,True,9.84528515,heldout_regime,prevalence_raw
heldout_regime-606,api-gateway,incident-0091,database_degradation,True,9.698495549999999,heldout_regime,prevalence_raw
heldout_regime-606,api-gateway,incident-0093,memory_leak,True,9.035996283333333,heldout_regime,prevalence_raw
heldout_regime-606,api-gateway,incident-0096,database_degradation,True,9.21072125,heldout_regime,prevalence_raw
heldout_regime-606,api-gateway,incident-0100,database_degradation,True,9.291908533333332,heldout_regime,prevalence_raw
heldout_regime-606,auth-service,incident-0002,memory_leak,True,9.3075981,heldout_regime,prevalence_raw
heldout_regime-606,auth-service,incident-0007,database_degradation,True,9.3590566,heldout_regime,prevalence_raw
heldout_regime-606,auth-service,incident-0011,database_degradation,True,9.58125585,heldout_regime,prevalence_raw
heldout_regime-606,auth-service,incident-0016,cpu_saturation,True,9.986076833333334,heldout_regime,prevalence_raw
heldout_regime-606,auth-service,incident-0020,memory_leak,True,9.001172200000001,heldout_regime,prevalence_raw
heldout_regime-606,auth-service,incident-0022,traffic_overload,True,9.53385795,heldout_regime,prevalence_raw
heldout_regime-606,auth-service,incident-0026,cpu_saturation,True,9.029017033333334,heldout_regime,prevalence_raw
heldout_regime-606,auth-service,incident-0031,cpu_saturation,True,9.660951966666666,heldout_regime,prevalence_raw
heldout_regime-606,auth-service,incident-0035,memory_leak,True,9.735786383333334,heldout_regime,prevalence_raw
heldout_regime-606,auth-service,incident-0037,traffic_overload,True,9.380909183333333,heldout_regime,prevalence_raw
heldout_regime-606,auth-service,incident-0041,traffic_overload,True,9.881618466666668,heldout_regime,prevalence_raw
heldout_regime-606,auth-service,incident-0045,traffic_overload,True,9.545588116666666,heldout_regime,prevalence_raw
heldout_regime-606,auth-service,incident-0049,cpu_saturation,True,9.95806075,heldout_regime,prevalence_raw
heldout_regime-606,auth-service,incident-0052,cpu_saturation,True,9.2276449,heldout_regime,prevalence_raw
heldout_regime-606,auth-service,incident-0055,memory_leak,True,9.407056766666667,heldout_regime,prevalence_raw
heldout_regime-606,auth-service,incident-0059,traffic_overload,True,9.25235195,heldout_regime,prevalence_raw
heldout_regime-606,auth-service,incident-0064,database_degradation,True,9.175800883333332,heldout_regime,prevalence_raw
heldout_regime-606,auth-service,incident-0068,cpu_saturation,True,9.847504466666667,heldout_regime,prevalence_raw
heldout_regime-606,auth-service,incident-0072,cpu_saturation,True,9.2247558,heldout_regime,prevalence_raw
heldout_regime-606,auth-service,incident-0075,traffic_overload,True,9.675952416666666,heldout_regime,prevalence_raw
heldout_regime-606,auth-service,incident-0079,memory_leak,True,9.05078425,heldout_regime,prevalence_raw
heldout_regime-606,auth-service,incident-0083,traffic_overload,True,9.34639975,heldout_regime,prevalence_raw
heldout_regime-606,auth-service,incident-0084,memory_leak,True,9.873183166666667,heldout_regime,prevalence_raw
heldout_regime-606,auth-service,incident-0088,memory_leak,True,9.424484766666666,heldout_regime,prevalence_raw
heldout_regime-606,auth-service,incident-0092,cpu_saturation,True,9.375033033333333,heldout_regime,prevalence_raw
heldout_regime-606,auth-service,incident-0097,memory_leak,True,9.362910616666666,heldout_regime,prevalence_raw
heldout_regime-606,auth-service,incident-0102,cpu_saturation,True,9.996676416666666,heldout_regime,prevalence_raw
heldout_regime-606,catalog-service,incident-0000,cpu_saturation,True,9.990399616666668,heldout_regime,prevalence_raw
heldout_regime-606,catalog-service,incident-0004,traffic_overload,True,9.96546565,heldout_regime,prevalence_raw
heldout_regime-606,catalog-service,incident-0010,cpu_saturation,True,9.448767766666666,heldout_regime,prevalence_raw
heldout_regime-606,catalog-service,incident-0014,cpu_saturation,True,9.688692016666666,heldout_regime,prevalence_raw
heldout_regime-606,catalog-service,incident-0018,memory_leak,True,9.9156139,heldout_regime,prevalence_raw
heldout_regime-606,catalog-service,incident-0024,traffic_overload,True,9.288125083333334,heldout_regime,prevalence_raw
heldout_regime-606,catalog-service,incident-0029,database_degradation,True,9.931263966666668,heldout_regime,prevalence_raw
heldout_regime-606,catalog-service,incident-0034,memory_leak,True,9.152374,heldout_regime,prevalence_raw
heldout_regime-606,catalog-service,incident-0038,memory_leak,True,9.466576883333333,heldout_regime,prevalence_raw
heldout_regime-606,catalog-service,incident-0042,memory_leak,True,9.933662666666667,heldout_regime,prevalence_raw
heldout_regime-606,catalog-service,incident-0046,traffic_overload,True,9.675520650000001,heldout_regime,prevalence_raw
heldout_regime-606,catalog-service,incident-0050,traffic_overload,True,9.37486045,heldout_regime,prevalence_raw
heldout_regime-606,catalog-service,incident-0053,cpu_saturation,True,9.4348837,heldout_regime,prevalence_raw
heldout_regime-606,catalog-service,incident-0056,memory_leak,True,9.739964966666667,heldout_regime,prevalence_raw
heldout_regime-606,catalog-service,incident-0061,cpu_saturation,True,9.378524800000001,heldout_regime,prevalence_raw
heldout_regime-606,catalog-service,incident-0065,traffic_overload,True,9.444163266666667,heldout_regime,prevalence_raw
heldout_regime-606,catalog-service,incident-0069,memory_leak,True,9.267981716666666,heldout_regime,prevalence_raw
heldout_regime-606,catalog-service,incident-0073,traffic_overload,True,9.06879815,heldout_regime,prevalence_raw
heldout_regime-606,catalog-service,incident-0077,memory_leak,True,9.605626266666667,heldout_regime,prevalence_raw
heldout_regime-606,catalog-service,incident-0080,database_degradation,True,9.900398483333333,heldout_regime,prevalence_raw
heldout_regime-606,catalog-service,incident-0087,cpu_saturation,True,9.687564233333335,heldout_regime,prevalence_raw
heldout_regime-606,catalog-service,incident-0090,database_degradation,True,9.1650002,heldout_regime,prevalence_raw
heldout_regime-606,catalog-service,incident-0095,memory_leak,True,9.39841925,heldout_regime,prevalence_raw
heldout_regime-606,catalog-service,incident-0099,database_degradation,True,9.082515566666666,heldout_regime,prevalence_raw
heldout_regime-606,search-service,incident-0001,database_degradation,True,9.714035366666668,heldout_regime,prevalence_raw
heldout_regime-606,search-service,incident-0006,memory_leak,True,9.282220933333333,heldout_regime,prevalence_raw
heldout_regime-606,search-service,incident-0009,traffic_overload,True,9.792750366666667,heldout_regime,prevalence_raw
heldout_regime-606,search-service,incident-0012,memory_leak,True,9.173742416666666,heldout_regime,prevalence_raw
heldout_regime-606,search-service,incident-0015,memory_leak,True,9.785349916666666,heldout_regime,prevalence_raw
heldout_regime-606,search-service,incident-0019,database_degradation,True,9.146941866666667,heldout_regime,prevalence_raw
heldout_regime-606,search-service,incident-0023,cpu_saturation,True,9.685169066666667,heldout_regime,prevalence_raw
heldout_regime-606,search-service,incident-0027,cpu_saturation,True,9.147078216666667,heldout_regime,prevalence_raw
heldout_regime-606,search-service,incident-0032,database_degradation,True,9.4106964,heldout_regime,prevalence_raw
heldout_regime-606,search-service,incident-0036,memory_leak,True,9.912325483333332,heldout_regime,prevalence_raw
heldout_regime-606,search-service,incident-0040,traffic_overload,True,9.683190683333333,heldout_regime,prevalence_raw
heldout_regime-606,search-service,incident-0044,cpu_saturation,True,9.205333066666666,heldout_regime,prevalence_raw
heldout_regime-606,search-service,incident-0048,database_degradation,True,9.569262233333335,heldout_regime,prevalence_raw
heldout_regime-606,search-service,incident-0054,memory_leak,True,9.16994555,heldout_regime,prevalence_raw
heldout_regime-606,search-service,incident-0058,database_degradation,True,9.808916649999999,heldout_regime,prevalence_raw
heldout_regime-606,search-service,incident-0062,database_degradation,True,9.097657883333333,heldout_regime,prevalence_raw
heldout_regime-606,search-service,incident-0066,traffic_overload,True,9.516900066666667,heldout_regime,prevalence_raw
heldout_regime-606,search-service,incident-0070,database_degradation,True,9.250852133333332,heldout_regime,prevalence_raw
heldout_regime-606,search-service,incident-0074,cpu_saturation,True,9.965455516666667,heldout_regime,prevalence_raw
heldout_regime-606,search-service,incident-0078,traffic_overload,True,9.033074449999999,heldout_regime,prevalence_raw
heldout_regime-606,search-service,incident-0082,database_degradation,True,9.16486555,heldout_regime,prevalence_raw
heldout_regime-606,search-service,incident-0085,cpu_saturation,True,9.414427733333333,heldout_regime,prevalence_raw
heldout_regime-606,search-service,incident-0089,traffic_overload,True,9.411221866666667,heldout_regime,prevalence_raw
heldout_regime-606,search-service,incident-0094,cpu_saturation,True,9.649138533333334,heldout_regime,prevalence_raw
heldout_regime-606,search-service,incident-0098,database_degradation,True,9.837207966666666,heldout_regime,prevalence_raw
heldout_regime-606,search-service,incident-0101,traffic_overload,True,9.626416283333333,heldout_regime,prevalence_raw
heldout_regime-707,api-gateway,incident-0002,traffic_overload,True,9.941850633333333,heldout_regime,prevalence_raw
heldout_regime-707,api-gateway,incident-0006,cpu_saturation,True,9.83298745,heldout_regime,prevalence_raw
heldout_regime-707,api-gateway,incident-0011,traffic_overload,True,9.341245533333334,heldout_regime,prevalence_raw
heldout_regime-707,api-gateway,incident-0014,memory_leak,True,9.2236171,heldout_regime,prevalence_raw
heldout_regime-707,api-gateway,incident-0019,memory_leak,True,9.245264200000001,heldout_regime,prevalence_raw
heldout_regime-707,api-gateway,incident-0021,database_degradation,True,9.362302633333334,heldout_regime,prevalence_raw
heldout_regime-707,api-gateway,incident-0025,database_degradation,True,9.106070733333333,heldout_regime,prevalence_raw
heldout_regime-707,api-gateway,incident-0029,cpu_saturation,True,9.127776149999999,heldout_regime,prevalence_raw
heldout_regime-707,api-gateway,incident-0033,cpu_saturation,True,9.7561774,heldout_regime,prevalence_raw
heldout_regime-707,api-gateway,incident-0039,memory_leak,True,9.3377567,heldout_regime,prevalence_raw
heldout_regime-707,api-gateway,incident-0043,database_degradation,True,9.780936516666666,heldout_regime,prevalence_raw
heldout_regime-707,api-gateway,incident-0047,cpu_saturation,True,9.3102276,heldout_regime,prevalence_raw
heldout_regime-707,api-gateway,incident-0050,traffic_overload,True,9.99529375,heldout_regime,prevalence_raw
heldout_regime-707,api-gateway,incident-0055,traffic_overload,True,9.139856266666667,heldout_regime,prevalence_raw
heldout_regime-707,api-gateway,incident-0058,memory_leak,True,9.991067249999999,heldout_regime,prevalence_raw
heldout_regime-707,api-gateway,incident-0062,memory_leak,True,9.667575583333333,heldout_regime,prevalence_raw
heldout_regime-707,api-gateway,incident-0066,cpu_saturation,True,9.785117166666668,heldout_regime,prevalence_raw
heldout_regime-707,api-gateway,incident-0070,cpu_saturation,True,9.2406207,heldout_regime,prevalence_raw
heldout_regime-707,api-gateway,incident-0076,traffic_overload,True,9.437048183333333,heldout_regime,prevalence_raw
heldout_regime-707,api-gateway,incident-0079,memory_leak,True,9.412782183333332,heldout_regime,prevalence_raw
heldout_regime-707,api-gateway,incident-0082,traffic_overload,True,9.117289983333334,heldout_regime,prevalence_raw
heldout_regime-707,api-gateway,incident-0087,database_degradation,True,9.087688716666666,heldout_regime,prevalence_raw
heldout_regime-707,api-gateway,incident-0089,cpu_saturation,True,9.301619833333332,heldout_regime,prevalence_raw
heldout_regime-707,api-gateway,incident-0093,database_degradation,True,9.805753533333332,heldout_regime,prevalence_raw
heldout_regime-707,api-gateway,incident-0097,database_degradation,True,9.795444949999998,heldout_regime,prevalence_raw
heldout_regime-707,api-gateway,incident-0102,traffic_overload,True,9.859530733333335,heldout_regime,prevalence_raw
heldout_regime-707,auth-service,incident-0004,traffic_overload,True,9.70945665,heldout_regime,prevalence_raw
heldout_regime-707,auth-service,incident-0009,memory_leak,True,9.389684116666666,heldout_regime,prevalence_raw
heldout_regime-707,auth-service,incident-0012,traffic_overload,True,9.030543866666667,heldout_regime,prevalence_raw
heldout_regime-707,auth-service,incident-0015,memory_leak,True,9.236172933333334,heldout_regime,prevalence_raw
heldout_regime-707,auth-service,incident-0018,memory_leak,True,9.289019166666666,heldout_regime,prevalence_raw
heldout_regime-707,auth-service,incident-0023,traffic_overload,True,9.748821116666667,heldout_regime,prevalence_raw
heldout_regime-707,auth-service,incident-0027,database_degradation,True,9.9356405,heldout_regime,prevalence_raw
heldout_regime-707,auth-service,incident-0031,traffic_overload,True,9.586679016666666,heldout_regime,prevalence_raw
heldout_regime-707,auth-service,incident-0036,traffic_overload,True,9.514438733333332,heldout_regime,prevalence_raw
heldout_regime-707,auth-service,incident-0040,cpu_saturation,True,9.6019535,heldout_regime,prevalence_raw
heldout_regime-707,auth-service,incident-0041,memory_leak,True,9.53072855,heldout_regime,prevalence_raw
heldout_regime-707,auth-service,incident-0045,memory_leak,True,9.546796083333334,heldout_regime,prevalence_raw
heldout_regime-707,auth-service,incident-0049,database_degradation,True,9.581077716666666,heldout_regime,prevalence_raw
heldout_regime-707,auth-service,incident-0054,memory_leak,True,9.196715033333334,heldout_regime,prevalence_raw
heldout_regime-707,auth-service,incident-0059,memory_leak,True,9.614890483333333,heldout_regime,prevalence_raw
heldout_regime-707,auth-service,incident-0063,cpu_saturation,True,9.218808283333335,heldout_regime,prevalence_raw
heldout_regime-707,auth-service,incident-0064,traffic_overload,True,9.250470966666667,heldout_regime,prevalence_raw
heldout_regime-707,auth-service,incident-0069,database_degradation,True,9.3868861,heldout_regime,prevalence_raw
heldout_regime-707,auth-service,incident-0072,cpu_saturation,True,9.16933775,heldout_regime,prevalence_raw
heldout_regime-707,auth-service,incident-0077,traffic_overload,True,9.055791699999999,heldout_regime,prevalence_raw
heldout_regime-707,auth-service,incident-0078,memory_leak,True,9.761659866666667,heldout_regime,prevalence_raw
heldout_regime-707,auth-service,incident-0083,cpu_saturation,True,9.018469216666666,heldout_regime,prevalence_raw
heldout_regime-707,auth-service,incident-0085,memory_leak,True,9.559615983333334,heldout_regime,prevalence_raw
heldout_regime-707,auth-service,incident-0090,memory_leak,True,9.29413705,heldout_regime,prevalence_raw
heldout_regime-707,auth-service,incident-0095,memory_leak,True,9.0131064,heldout_regime,prevalence_raw
heldout_regime-707,auth-service,incident-0098,cpu_saturation,True,9.67933835,heldout_regime,prevalence_raw
heldout_regime-707,auth-service,incident-0101,traffic_overload,True,9.127786200000001,heldout_regime,prevalence_raw
heldout_regime-707,catalog-service,incident-0001,memory_leak,True,9.897378466666668,heldout_regime,prevalence_raw
heldout_regime-707,catalog-service,incident-0005,database_degradation,True,9.691675,heldout_regime,prevalence_raw
heldout_regime-707,catalog-service,incident-0008,database_degradation,True,9.320727683333333,heldout_regime,prevalence_raw
heldout_regime-707,catalog-service,incident-0013,database_degradation,True,9.27405235,heldout_regime,prevalence_raw
heldout_regime-707,catalog-service,incident-0016,database_degradation,True,9.1932586,heldout_regime,prevalence_raw
heldout_regime-707,catalog-service,incident-0020,traffic_overload,True,9.575385033333333,heldout_regime,prevalence_raw
heldout_regime-707,catalog-service,incident-0024,cpu_saturation,True,9.911090366666667,heldout_regime,prevalence_raw
heldout_regime-707,catalog-service,incident-0028,cpu_saturation,True,9.045838383333335,heldout_regime,prevalence_raw
heldout_regime-707,catalog-service,incident-0032,database_degradation,True,9.7317814,heldout_regime,prevalence_raw
heldout_regime-707,catalog-service,incident-0035,memory_leak,True,9.583747066666666,heldout_regime,prevalence_raw
heldout_regime-707,catalog-service,incident-0038,database_degradation,True,9.835966416666668,heldout_regime,prevalence_raw
heldout_regime-707,catalog-service,incident-0044,memory_leak,True,9.5958423,heldout_regime,prevalence_raw
heldout_regime-707,catalog-service,incident-0048,database_degradation,True,9.301860866666667,heldout_regime,prevalence_raw
heldout_regime-707,catalog-service,incident-0052,memory_leak,True,9.710414466666666,heldout_regime,prevalence_raw
heldout_regime-707,catalog-service,incident-0056,cpu_saturation,True,9.494964516666666,heldout_regime,prevalence_raw
heldout_regime-707,catalog-service,incident-0061,traffic_overload,True,9.352717133333334,heldout_regime,prevalence_raw
heldout_regime-707,catalog-service,incident-0067,database_degradation,True,9.0340163,heldout_regime,prevalence_raw
heldout_regime-707,catalog-service,incident-0071,cpu_saturation,True,9.060045133333334,heldout_regime,prevalence_raw
heldout_regime-707,catalog-service,incident-0074,cpu_saturation,True,9.006120133333333,heldout_regime,prevalence_raw
heldout_regime-707,catalog-service,incident-0080,memory_leak,True,9.719722666666666,heldout_regime,prevalence_raw
heldout_regime-707,catalog-service,incident-0084,cpu_saturation,True,9.186021833333333,heldout_regime,prevalence_raw
heldout_regime-707,catalog-service,incident-0088,memory_leak,True,9.421137883333333,heldout_regime,prevalence_raw
heldout_regime-707,catalog-service,incident-0092,traffic_overload,True,9.137114866666668,heldout_regime,prevalence_raw
heldout_regime-707,catalog-service,incident-0096,traffic_overload,True,9.24425195,heldout_regime,prevalence_raw
heldout_regime-707,catalog-service,incident-0100,memory_leak,True,9.230264949999999,heldout_regime,prevalence_raw
heldout_regime-707,search-service,incident-0000,traffic_overload,True,9.944189450000001,heldout_regime,prevalence_raw
heldout_regime-707,search-service,incident-0003,traffic_overload,True,9.767767099999999,heldout_regime,prevalence_raw
heldout_regime-707,search-service,incident-0007,traffic_overload,True,9.22698415,heldout_regime,prevalence_raw
heldout_regime-707,search-service,incident-0010,database_degradation,True,9.235567466666668,heldout_regime,prevalence_raw
heldout_regime-707,search-service,incident-0017,database_degradation,True,9.293393916666668,heldout_regime,prevalence_raw
heldout_regime-707,search-service,incident-0022,database_degradation,True,9.005042783333332,heldout_regime,prevalence_raw
heldout_regime-707,search-service,incident-0026,traffic_overload,True,9.52793685,heldout_regime,prevalence_raw
heldout_regime-707,search-service,incident-0030,cpu_saturation,True,9.855168966666668,heldout_regime,prevalence_raw
heldout_regime-707,search-service,incident-0034,database_degradation,True,9.469888633333333,heldout_regime,prevalence_raw
heldout_regime-707,search-service,incident-0037,cpu_saturation,True,9.887804066666666,heldout_regime,prevalence_raw
heldout_regime-707,search-service,incident-0042,cpu_saturation,True,9.0731121,heldout_regime,prevalence_raw
heldout_regime-707,search-service,incident-0046,traffic_overload,True,9.302372850000001,heldout_regime,prevalence_raw
heldout_regime-707,search-service,incident-0051,memory_leak,True,9.696562166666666,heldout_regime,prevalence_raw
heldout_regime-707,search-service,incident-0053,cpu_saturation,True,9.680052316666666,heldout_regime,prevalence_raw
heldout_regime-707,search-service,incident-0057,traffic_overload,True,9.299043883333333,heldout_regime,prevalence_raw
heldout_regime-707,search-service,incident-0060,traffic_overload,True,9.811186566666667,heldout_regime,prevalence_raw
heldout_regime-707,search-service,incident-0065,traffic_overload,True,9.411322016666666,heldout_regime,prevalence_raw
heldout_regime-707,search-service,incident-0068,cpu_saturation,True,9.584812,heldout_regime,prevalence_raw
heldout_regime-707,search-service,incident-0073,traffic_overload,True,9.0049637,heldout_regime,prevalence_raw
heldout_regime-707,search-service,incident-0075,cpu_saturation,True,9.837711333333335,heldout_regime,prevalence_raw
heldout_regime-707,search-service,incident-0081,cpu_saturation,True,9.851694333333334,heldout_regime,prevalence_raw
heldout_regime-707,search-service,incident-0086,database_degradation,True,9.967247966666667,heldout_regime,prevalence_raw
heldout_regime-707,search-service,incident-0091,cpu_saturation,True,9.104326283333334,heldout_regime,prevalence_raw
heldout_regime-707,search-service,incident-0094,cpu_saturation,True,9.690311000000001,heldout_regime,prevalence_raw
heldout_regime-707,search-service,incident-0099,traffic_overload,True,9.4403542,heldout_regime,prevalence_raw
heldout_seed-404,api-gateway,incident-0000,cpu_saturation,True,9.460925083333333,heldout_seed,boosting_raw
heldout_seed-404,api-gateway,incident-0007,database_degradation,True,9.199331383333334,heldout_seed,boosting_raw
heldout_seed-404,api-gateway,incident-0011,traffic_overload,True,9.685352383333333,heldout_seed,boosting_raw
heldout_seed-404,api-gateway,incident-0013,traffic_overload,True,9.013330016666666,heldout_seed,boosting_raw
heldout_seed-404,api-gateway,incident-0017,traffic_overload,True,8.340419566666666,heldout_seed,boosting_raw
heldout_seed-404,api-gateway,incident-0022,memory_leak,True,7.4282269,heldout_seed,boosting_raw
heldout_seed-404,api-gateway,incident-0027,cpu_saturation,True,7.057023,heldout_seed,boosting_raw
heldout_seed-404,api-gateway,incident-0031,cpu_saturation,True,9.317211183333335,heldout_seed,boosting_raw
heldout_seed-404,api-gateway,incident-0035,memory_leak,True,9.180161233333333,heldout_seed,boosting_raw
heldout_seed-404,api-gateway,incident-0036,cpu_saturation,True,8.434675883333334,heldout_seed,boosting_raw
heldout_seed-404,api-gateway,incident-0041,traffic_overload,True,9.805197816666666,heldout_seed,boosting_raw
heldout_seed-404,api-gateway,incident-0046,database_degradation,True,9.667507233333334,heldout_seed,boosting_raw
heldout_seed-404,api-gateway,incident-0049,cpu_saturation,True,6.706798766666666,heldout_seed,boosting_raw
heldout_seed-404,api-gateway,incident-0053,database_degradation,True,9.763418516666666,heldout_seed,boosting_raw
heldout_seed-404,api-gateway,incident-0058,cpu_saturation,True,6.002711566666666,heldout_seed,boosting_raw
heldout_seed-404,api-gateway,incident-0063,database_degradation,True,9.3406459,heldout_seed,boosting_raw
heldout_seed-404,api-gateway,incident-0066,memory_leak,True,8.513345033333334,heldout_seed,boosting_raw
heldout_seed-404,api-gateway,incident-0068,traffic_overload,True,9.931798350000001,heldout_seed,boosting_raw
heldout_seed-404,api-gateway,incident-0074,database_degradation,True,9.5621634,heldout_seed,boosting_raw
heldout_seed-404,api-gateway,incident-0078,traffic_overload,True,9.640652966666666,heldout_seed,boosting_raw
heldout_seed-404,api-gateway,incident-0081,memory_leak,True,9.111708616666666,heldout_seed,boosting_raw
heldout_seed-404,api-gateway,incident-0087,memory_leak,True,6.909175283333334,heldout_seed,boosting_raw
heldout_seed-404,api-gateway,incident-0088,database_degradation,True,9.211218983333334,heldout_seed,boosting_raw
heldout_seed-404,api-gateway,incident-0094,database_degradation,True,9.2657977,heldout_seed,boosting_raw
heldout_seed-404,api-gateway,incident-0097,memory_leak,True,7.296389916666667,heldout_seed,boosting_raw
heldout_seed-404,api-gateway,incident-0103,cpu_saturation,True,9.399329533333335,heldout_seed,boosting_raw
heldout_seed-404,api-gateway,incident-0107,traffic_overload,True,9.8752233,heldout_seed,boosting_raw
heldout_seed-404,api-gateway,incident-0108,memory_leak,True,9.070592233333334,heldout_seed,boosting_raw
heldout_seed-404,api-gateway,incident-0114,cpu_saturation,True,9.3261135,heldout_seed,boosting_raw
heldout_seed-404,api-gateway,incident-0117,database_degradation,True,9.60164475,heldout_seed,boosting_raw
heldout_seed-404,api-gateway,incident-0120,traffic_overload,True,1.1353978333333332,heldout_seed,boosting_raw
heldout_seed-404,api-gateway,incident-0125,memory_leak,True,8.75205045,heldout_seed,boosting_raw
heldout_seed-404,auth-service,incident-0003,memory_leak,True,9.849134283333333,heldout_seed,boosting_raw
heldout_seed-404,auth-service,incident-0006,memory_leak,True,7.2386936,heldout_seed,boosting_raw
heldout_seed-404,auth-service,incident-0010,memory_leak,True,7.7306702000000005,heldout_seed,boosting_raw
heldout_seed-404,auth-service,incident-0015,traffic_overload,True,2.0222473666666665,heldout_seed,boosting_raw
heldout_seed-404,auth-service,incident-0018,cpu_saturation,True,8.78496515,heldout_seed,boosting_raw
heldout_seed-404,auth-service,incident-0023,cpu_saturation,True,8.289786216666666,heldout_seed,boosting_raw
heldout_seed-404,auth-service,incident-0025,memory_leak,True,8.214271633333333,heldout_seed,boosting_raw
heldout_seed-404,auth-service,incident-0028,traffic_overload,True,9.300584899999999,heldout_seed,boosting_raw
heldout_seed-404,auth-service,incident-0034,cpu_saturation,True,9.697846466666666,heldout_seed,boosting_raw
heldout_seed-404,auth-service,incident-0037,database_degradation,True,8.648384983333333,heldout_seed,boosting_raw
heldout_seed-404,auth-service,incident-0040,cpu_saturation,True,9.113503016666668,heldout_seed,boosting_raw
heldout_seed-404,auth-service,incident-0044,database_degradation,True,9.120690133333333,heldout_seed,boosting_raw
heldout_seed-404,auth-service,incident-0051,database_degradation,True,9.577186316666666,heldout_seed,boosting_raw
heldout_seed-404,auth-service,incident-0055,database_degradation,True,9.0409765,heldout_seed,boosting_raw
heldout_seed-404,auth-service,incident-0059,database_degradation,True,9.944487033333333,heldout_seed,boosting_raw
heldout_seed-404,auth-service,incident-0061,traffic_overload,True,9.762247866666666,heldout_seed,boosting_raw
heldout_seed-404,auth-service,incident-0064,database_degradation,True,9.781007166666665,heldout_seed,boosting_raw
heldout_seed-404,auth-service,incident-0069,traffic_overload,True,8.966669416666667,heldout_seed,boosting_raw
heldout_seed-404,auth-service,incident-0075,database_degradation,True,9.759579566666668,heldout_seed,boosting_raw
heldout_seed-404,auth-service,incident-0077,traffic_overload,True,9.49351225,heldout_seed,boosting_raw
heldout_seed-404,auth-service,incident-0082,cpu_saturation,True,6.5363134,heldout_seed,boosting_raw
heldout_seed-404,auth-service,incident-0085,memory_leak,True,8.786743683333333,heldout_seed,boosting_raw
heldout_seed-404,auth-service,incident-0090,traffic_overload,True,6.933271633333334,heldout_seed,boosting_raw
heldout_seed-404,auth-service,incident-0095,memory_leak,True,9.975627716666667,heldout_seed,boosting_raw
heldout_seed-404,auth-service,incident-0096,traffic_overload,True,9.449552899999999,heldout_seed,boosting_raw
heldout_seed-404,auth-service,incident-0100,cpu_saturation,True,9.640446283333334,heldout_seed,boosting_raw
heldout_seed-404,auth-service,incident-0105,traffic_overload,True,9.16049185,heldout_seed,boosting_raw
heldout_seed-404,auth-service,incident-0109,database_degradation,True,9.019054166666667,heldout_seed,boosting_raw
heldout_seed-404,auth-service,incident-0112,cpu_saturation,True,6.749955866666666,heldout_seed,boosting_raw
heldout_seed-404,auth-service,incident-0116,memory_leak,True,8.0385876,heldout_seed,boosting_raw
heldout_seed-404,auth-service,incident-0123,cpu_saturation,True,6.67082565,heldout_seed,boosting_raw
heldout_seed-404,auth-service,incident-0127,memory_leak,True,7.119573016666666,heldout_seed,boosting_raw
heldout_seed-404,catalog-service,incident-0002,database_degradation,True,9.328994633333334,heldout_seed,boosting_raw
heldout_seed-404,catalog-service,incident-0005,cpu_saturation,True,8.858172683333333,heldout_seed,boosting_raw
heldout_seed-404,catalog-service,incident-0008,database_degradation,True,9.003546816666667,heldout_seed,boosting_raw
heldout_seed-404,catalog-service,incident-0014,memory_leak,True,9.646399983333334,heldout_seed,boosting_raw
heldout_seed-404,catalog-service,incident-0019,memory_leak,True,7.6707123500000005,heldout_seed,boosting_raw
heldout_seed-404,catalog-service,incident-0021,cpu_saturation,True,7.643217816666667,heldout_seed,boosting_raw
heldout_seed-404,catalog-service,incident-0024,traffic_overload,True,2.3159407,heldout_seed,boosting_raw
heldout_seed-404,catalog-service,incident-0029,traffic_overload,True,8.281759416666667,heldout_seed,boosting_raw
heldout_seed-404,catalog-service,incident-0033,traffic_overload,True,9.406063066666666,heldout_seed,boosting_raw
heldout_seed-404,catalog-service,incident-0039,database_degradation,True,9.266969116666667,heldout_seed,boosting_raw
heldout_seed-404,catalog-service,incident-0043,database_degradation,True,9.07977075,heldout_seed,boosting_raw
heldout_seed-404,catalog-service,incident-0045,traffic_overload,True,9.891168183333333,heldout_seed,boosting_raw
heldout_seed-404,catalog-service,incident-0048,database_degradation,True,9.46291875,heldout_seed,boosting_raw
heldout_seed-404,catalog-service,incident-0052,cpu_saturation,True,6.768729116666666,heldout_seed,boosting_raw
heldout_seed-404,catalog-service,incident-0057,memory_leak,True,7.116458133333333,heldout_seed,boosting_raw
heldout_seed-404,catalog-service,incident-0062,memory_leak,True,5.815530933333333,heldout_seed,boosting_raw
heldout_seed-404,catalog-service,incident-0067,memory_leak,True,9.226672933333333,heldout_seed,boosting_raw
heldout_seed-404,catalog-service,incident-0071,traffic_overload,True,9.155429183333332,heldout_seed,boosting_raw
heldout_seed-404,catalog-service,incident-0073,traffic_overload,True,9.5611693,heldout_seed,boosting_raw
heldout_seed-404,catalog-service,incident-0076,database_degradation,True,9.607833833333332,heldout_seed,boosting_raw
heldout_seed-404,catalog-service,incident-0083,cpu_saturation,True,9.28521145,heldout_seed,boosting_raw
heldout_seed-404,catalog-service,incident-0084,memory_leak,True,9.3037521,heldout_seed,boosting_raw
heldout_seed-404,catalog-service,incident-0089,database_degradation,True,7.634629899999999,heldout_seed,boosting_raw
heldout_seed-404,catalog-service,incident-0092,memory_leak,True,8.127991633333334,heldout_seed,boosting_raw
heldout_seed-404,catalog-service,incident-0098,cpu_saturation,True,9.03338585,heldout_seed,boosting_raw
heldout_seed-404,catalog-service,incident-0102,traffic_overload,True,9.09881965,heldout_seed,boosting_raw
heldout_seed-404,catalog-service,incident-0104,traffic_overload,True,9.507399633333334,heldout_seed,boosting_raw
heldout_seed-404,catalog-service,incident-0110,memory_leak,True,9.496579800000001,heldout_seed,boosting_raw
heldout_seed-404,catalog-service,incident-0113,cpu_saturation,True,8.475502966666665,heldout_seed,boosting_raw
heldout_seed-404,catalog-service,incident-0119,cpu_saturation,True,5.5821664,heldout_seed,boosting_raw
heldout_seed-404,catalog-service,incident-0122,cpu_saturation,True,6.25527295,heldout_seed,boosting_raw
heldout_seed-404,catalog-service,incident-0126,database_degradation,True,9.0210744,heldout_seed,boosting_raw
heldout_seed-404,search-service,incident-0001,database_degradation,True,9.287503033333333,heldout_seed,boosting_raw
heldout_seed-404,search-service,incident-0004,traffic_overload,True,9.01429715,heldout_seed,boosting_raw
heldout_seed-404,search-service,incident-0009,memory_leak,True,9.072541316666667,heldout_seed,boosting_raw
heldout_seed-404,search-service,incident-0012,memory_leak,True,9.59275065,heldout_seed,boosting_raw
heldout_seed-404,search-service,incident-0016,database_degradation,True,9.7105262,heldout_seed,boosting_raw
heldout_seed-404,search-service,incident-0020,cpu_saturation,True,8.885584066666667,heldout_seed,boosting_raw
heldout_seed-404,search-service,incident-0026,cpu_saturation,True,9.111531616666667,heldout_seed,boosting_raw
heldout_seed-404,search-service,incident-0030,memory_leak,True,9.053872233333333,heldout_seed,boosting_raw
heldout_seed-404,search-service,incident-0032,database_degradation,True,9.866579283333333,heldout_seed,boosting_raw
heldout_seed-404,search-service,incident-0038,database_degradation,True,9.620205833333333,heldout_seed,boosting_raw
heldout_seed-404,search-service,incident-0042,traffic_overload,True,9.326609516666668,heldout_seed,boosting_raw
heldout_seed-404,search-service,incident-0047,memory_leak,True,9.483452366666667,heldout_seed,boosting_raw
heldout_seed-404,search-service,incident-0050,database_degradation,True,9.679437633333333,heldout_seed,boosting_raw
heldout_seed-404,search-service,incident-0054,memory_leak,True,9.822036950000001,heldout_seed,boosting_raw
heldout_seed-404,search-service,incident-0056,database_degradation,True,9.554428466666668,heldout_seed,boosting_raw
heldout_seed-404,search-service,incident-0060,traffic_overload,True,4.343915633333333,heldout_seed,boosting_raw
heldout_seed-404,search-service,incident-0065,traffic_overload,True,8.479923583333333,heldout_seed,boosting_raw
heldout_seed-404,search-service,incident-0070,cpu_saturation,True,9.555012549999999,heldout_seed,boosting_raw
heldout_seed-404,search-service,incident-0072,database_degradation,True,9.770456983333334,heldout_seed,boosting_raw
heldout_seed-404,search-service,incident-0079,memory_leak,True,9.332182399999999,heldout_seed,boosting_raw
heldout_seed-404,search-service,incident-0080,traffic_overload,False,,heldout_seed,boosting_raw
heldout_seed-404,search-service,incident-0086,cpu_saturation,True,6.177749816666666,heldout_seed,boosting_raw
heldout_seed-404,search-service,incident-0091,database_degradation,True,9.311892366666665,heldout_seed,boosting_raw
heldout_seed-404,search-service,incident-0093,memory_leak,True,9.760802533333333,heldout_seed,boosting_raw
heldout_seed-404,search-service,incident-0099,traffic_overload,True,7.9706922166666665,heldout_seed,boosting_raw
heldout_seed-404,search-service,incident-0101,traffic_overload,True,8.596305783333333,heldout_seed,boosting_raw
heldout_seed-404,search-service,incident-0106,memory_leak,True,9.271683266666667,heldout_seed,boosting_raw
heldout_seed-404,search-service,incident-0111,cpu_saturation,True,9.363270733333334,heldout_seed,boosting_raw
heldout_seed-404,search-service,incident-0115,traffic_overload,True,7.028163666666667,heldout_seed,boosting_raw
heldout_seed-404,search-service,incident-0118,cpu_saturation,True,7.070719883333334,heldout_seed,boosting_raw
heldout_seed-404,search-service,incident-0121,cpu_saturation,True,6.837887733333333,heldout_seed,boosting_raw
heldout_seed-404,search-service,incident-0124,cpu_saturation,True,9.003564116666666,heldout_seed,boosting_raw
heldout_seed-505,api-gateway,incident-0001,traffic_overload,True,9.068862016666666,heldout_seed,boosting_raw
heldout_seed-505,api-gateway,incident-0005,traffic_overload,True,9.214797033333333,heldout_seed,boosting_raw
heldout_seed-505,api-gateway,incident-0009,cpu_saturation,True,9.948068783333333,heldout_seed,boosting_raw
heldout_seed-505,api-gateway,incident-0012,memory_leak,True,8.309836516666667,heldout_seed,boosting_raw
heldout_seed-505,api-gateway,incident-0016,database_degradation,True,9.744719483333334,heldout_seed,boosting_raw
heldout_seed-505,api-gateway,incident-0022,memory_leak,True,6.953017633333333,heldout_seed,boosting_raw
heldout_seed-505,api-gateway,incident-0025,cpu_saturation,True,7.3744113,heldout_seed,boosting_raw
heldout_seed-505,api-gateway,incident-0029,memory_leak,True,8.937288566666666,heldout_seed,boosting_raw
heldout_seed-505,api-gateway,incident-0032,memory_leak,True,7.898275466666666,heldout_seed,boosting_raw
heldout_seed-505,api-gateway,incident-0039,memory_leak,True,9.1930289,heldout_seed,boosting_raw
heldout_seed-505,api-gateway,incident-0040,database_degradation,True,9.369307533333334,heldout_seed,boosting_raw
heldout_seed-505,api-gateway,incident-0045,database_degradation,True,7.487727949999999,heldout_seed,boosting_raw
heldout_seed-505,api-gateway,incident-0050,traffic_overload,True,2.9340248166666667,heldout_seed,boosting_raw
heldout_seed-505,api-gateway,incident-0055,cpu_saturation,True,5.6463676000000005,heldout_seed,boosting_raw
heldout_seed-505,api-gateway,incident-0058,traffic_overload,True,4.5885114,heldout_seed,boosting_raw
heldout_seed-505,api-gateway,incident-0062,database_degradation,True,9.174682566666666,heldout_seed,boosting_raw
heldout_seed-505,api-gateway,incident-0065,cpu_saturation,True,7.034441316666667,heldout_seed,boosting_raw
heldout_seed-505,api-gateway,incident-0071,traffic_overload,True,9.880912833333333,heldout_seed,boosting_raw
heldout_seed-505,api-gateway,incident-0075,cpu_saturation,True,6.140856166666667,heldout_seed,boosting_raw
heldout_seed-505,api-gateway,incident-0076,cpu_saturation,True,6.252828683333333,heldout_seed,boosting_raw
heldout_seed-505,api-gateway,incident-0080,traffic_overload,True,9.84886375,heldout_seed,boosting_raw
heldout_seed-505,api-gateway,incident-0084,database_degradation,True,9.541936566666667,heldout_seed,boosting_raw
heldout_seed-505,api-gateway,incident-0088,cpu_saturation,True,6.208972866666667,heldout_seed,boosting_raw
heldout_seed-505,api-gateway,incident-0094,database_degradation,True,8.8904636,heldout_seed,boosting_raw
heldout_seed-505,api-gateway,incident-0098,database_degradation,True,8.846467966666667,heldout_seed,boosting_raw
heldout_seed-505,api-gateway,incident-0102,memory_leak,True,8.26053225,heldout_seed,boosting_raw
heldout_seed-505,api-gateway,incident-0107,memory_leak,True,7.460544283333333,heldout_seed,boosting_raw
heldout_seed-505,api-gateway,incident-0110,database_degradation,True,9.276692933333333,heldout_seed,boosting_raw
heldout_seed-505,api-gateway,incident-0112,cpu_saturation,True,9.168271166666667,heldout_seed,boosting_raw
heldout_seed-505,api-gateway,incident-0119,traffic_overload,True,3.1765940666666665,heldout_seed,boosting_raw
heldout_seed-505,api-gateway,incident-0121,memory_leak,True,6.477449816666667,heldout_seed,boosting_raw
heldout_seed-505,api-gateway,incident-0126,traffic_overload,True,9.267694133333332,heldout_seed,boosting_raw
heldout_seed-505,auth-service,incident-0000,database_degradation,True,8.521557216666666,heldout_seed,boosting_raw
heldout_seed-505,auth-service,incident-0004,database_degradation,True,9.854583733333333,heldout_seed,boosting_raw
heldout_seed-505,auth-service,incident-0010,cpu_saturation,True,9.578908049999999,heldout_seed,boosting_raw
heldout_seed-505,auth-service,incident-0013,memory_leak,True,9.465114833333333,heldout_seed,boosting_raw
heldout_seed-505,auth-service,incident-0017,database_degradation,True,9.44822255,heldout_seed,boosting_raw
heldout_seed-505,auth-service,incident-0021,cpu_saturation,True,5.046080983333334,heldout_seed,boosting_raw
heldout_seed-505,auth-service,incident-0026,database_degradation,True,9.701557016666667,heldout_seed,boosting_raw
heldout_seed-505,auth-service,incident-0031,memory_leak,True,9.75561935,heldout_seed,boosting_raw
heldout_seed-505,auth-service,incident-0033,database_degradation,True,9.423770766666667,heldout_seed,boosting_raw
heldout_seed-505,auth-service,incident-0036,database_degradation,True,8.778823116666667,heldout_seed,boosting_raw
heldout_seed-505,auth-service,incident-0041,traffic_overload,True,9.323099616666667,heldout_seed,boosting_raw
heldout_seed-505,auth-service,incident-0046,memory_leak,True,9.963829066666667,heldout_seed,boosting_raw
heldout_seed-505,auth-service,incident-0048,memory_leak,True,7.432182066666667,heldout_seed,boosting_raw
heldout_seed-505,auth-service,incident-0052,traffic_overload,False,,heldout_seed,boosting_raw
heldout_seed-505,auth-service,incident-0059,traffic_overload,True,5.992339916666666,heldout_seed,boosting_raw
heldout_seed-505,auth-service,incident-0061,traffic_overload,True,4.4487963,heldout_seed,boosting_raw
heldout_seed-505,auth-service,incident-0067,traffic_overload,True,9.631951983333332,heldout_seed,boosting_raw
heldout_seed-505,auth-service,incident-0069,memory_leak,True,8.9108491,heldout_seed,boosting_raw
heldout_seed-505,auth-service,incident-0074,cpu_saturation,True,9.677903416666668,heldout_seed,boosting_raw
heldout_seed-505,auth-service,incident-0078,database_degradation,True,9.721133583333334,heldout_seed,boosting_raw
heldout_seed-505,auth-service,incident-0083,cpu_saturation,True,7.327408266666667,heldout_seed,boosting_raw
heldout_seed-505,auth-service,incident-0085,memory_leak,True,9.549828566666667,heldout_seed,boosting_raw
heldout_seed-505,auth-service,incident-0091,cpu_saturation,True,3.4513369833333334,heldout_seed,boosting_raw
heldout_seed-505,auth-service,incident-0092,memory_leak,True,7.087653783333334,heldout_seed,boosting_raw
heldout_seed-505,auth-service,incident-0099,cpu_saturation,True,9.630761116666667,heldout_seed,boosting_raw
heldout_seed-505,auth-service,incident-0100,traffic_overload,True,9.843885683333333,heldout_seed,boosting_raw
heldout_seed-505,auth-service,incident-0104,cpu_saturation,True,9.79878035,heldout_seed,boosting_raw
heldout_seed-505,auth-service,incident-0111,traffic_overload,True,9.33938945,heldout_seed,boosting_raw
heldout_seed-505,auth-service,incident-0115,database_degradation,True,9.08807145,heldout_seed,boosting_raw
heldout_seed-505,auth-service,incident-0117,cpu_saturation,True,8.8710766,heldout_seed,boosting_raw
heldout_seed-505,auth-service,incident-0122,memory_leak,True,9.04626025,heldout_seed,boosting_raw
heldout_seed-505,auth-service,incident-0127,traffic_overload,True,7.146797333333334,heldout_seed,boosting_raw
heldout_seed-505,catalog-service,incident-0003,traffic_overload,True,9.68484265,heldout_seed,boosting_raw
heldout_seed-505,catalog-service,incident-0007,memory_leak,True,9.246427316666665,heldout_seed,boosting_raw
heldout_seed-505,catalog-service,incident-0008,database_degradation,True,9.463927383333333,heldout_seed,boosting_raw
heldout_seed-505,catalog-service,incident-0015,database_degradation,True,9.48741275,heldout_seed,boosting_raw
heldout_seed-505,catalog-service,incident-0018,memory_leak,True,9.538429716666666,heldout_seed,boosting_raw
heldout_seed-505,catalog-service,incident-0023,cpu_saturation,True,6.310929533333334,heldout_seed,boosting_raw
heldout_seed-505,catalog-service,incident-0027,cpu_saturation,True,5.52056475,heldout_seed,boosting_raw
heldout_seed-505,catalog-service,incident-0028,database_degradation,True,9.296759816666668,heldout_seed,boosting_raw
heldout_seed-505,catalog-service,incident-0034,memory_leak,True,9.184318033333334,heldout_seed,boosting_raw
heldout_seed-505,catalog-service,incident-0037,database_degradation,True,8.930061616666668,heldout_seed,boosting_raw
heldout_seed-505,catalog-service,incident-0043,cpu_saturation,True,8.17330655,heldout_seed,boosting_raw
heldout_seed-505,catalog-service,incident-0047,cpu_saturation,True,9.22633375,heldout_seed,boosting_raw
heldout_seed-505,catalog-service,incident-0051,database_degradation,True,9.0103609,heldout_seed,boosting_raw
heldout_seed-505,catalog-service,incident-0053,traffic_overload,False,,heldout_seed,boosting_raw
heldout_seed-505,catalog-service,incident-0056,traffic_overload,False,,heldout_seed,boosting_raw
heldout_seed-505,catalog-service,incident-0060,traffic_overload,True,4.376474316666667,heldout_seed,boosting_raw
heldout_seed-505,catalog-service,incident-0066,memory_leak,True,9.3875114,heldout_seed,boosting_raw
heldout_seed-505,catalog-service,incident-0068,database_degradation,True,9.839035066666666,heldout_seed,boosting_raw
heldout_seed-505,catalog-service,incident-0073,memory_leak,True,8.058854666666667,heldout_seed,boosting_raw
heldout_seed-505,catalog-service,incident-0079,traffic_overload,True,7.9929954,heldout_seed,boosting_raw
heldout_seed-505,catalog-service,incident-0081,memory_leak,True,9.6951698,heldout_seed,boosting_raw
heldout_seed-505,catalog-service,incident-0087,cpu_saturation,True,7.1410345,heldout_seed,boosting_raw
heldout_seed-505,catalog-service,incident-0090,memory_leak,True,8.677704400000001,heldout_seed,boosting_raw
heldout_seed-505,catalog-service,incident-0093,traffic_overload,False,,heldout_seed,boosting_raw
heldout_seed-505,catalog-service,incident-0097,traffic_overload,True,7.31918865,heldout_seed,boosting_raw
heldout_seed-505,catalog-service,incident-0103,cpu_saturation,True,9.857623416666666,heldout_seed,boosting_raw
heldout_seed-505,catalog-service,incident-0106,memory_leak,True,9.1271786,heldout_seed,boosting_raw
heldout_seed-505,catalog-service,incident-0109,cpu_saturation,True,8.961136183333334,heldout_seed,boosting_raw
heldout_seed-505,catalog-service,incident-0114,traffic_overload,True,8.182705649999999,heldout_seed,boosting_raw
heldout_seed-505,catalog-service,incident-0116,database_degradation,True,9.331873316666668,heldout_seed,boosting_raw
heldout_seed-505,catalog-service,incident-0123,cpu_saturation,True,7.671673033333334,heldout_seed,boosting_raw
heldout_seed-505,catalog-service,incident-0124,database_degradation,True,8.967188850000001,heldout_seed,boosting_raw
heldout_seed-505,search-service,incident-0002,cpu_saturation,True,9.13988805,heldout_seed,boosting_raw
heldout_seed-505,search-service,incident-0006,cpu_saturation,True,9.970902383333334,heldout_seed,boosting_raw
heldout_seed-505,search-service,incident-0011,cpu_saturation,True,9.677330466666666,heldout_seed,boosting_raw
heldout_seed-505,search-service,incident-0014,memory_leak,True,7.266972733333334,heldout_seed,boosting_raw
heldout_seed-505,search-service,incident-0019,database_degradation,True,9.36400185,heldout_seed,boosting_raw
heldout_seed-505,search-service,incident-0020,traffic_overload,True,3.4912072333333333,heldout_seed,boosting_raw
heldout_seed-505,search-service,incident-0024,memory_leak,True,9.278810633333334,heldout_seed,boosting_raw
heldout_seed-505,search-service,incident-0030,memory_leak,True,9.392169416666666,heldout_seed,boosting_raw
heldout_seed-505,search-service,incident-0035,traffic_overload,True,9.098320316666667,heldout_seed,boosting_raw
heldout_seed-505,search-service,incident-0038,cpu_saturation,True,9.740589716666667,heldout_seed,boosting_raw
heldout_seed-505,search-service,incident-0042,database_degradation,True,9.429573883333335,heldout_seed,boosting_raw
heldout_seed-505,search-service,incident-0044,traffic_overload,True,9.785191316666667,heldout_seed,boosting_raw
heldout_seed-505,search-service,incident-0049,memory_leak,True,9.354674266666667,heldout_seed,boosting_raw
heldout_seed-505,search-service,incident-0054,database_degradation,True,9.592834283333334,heldout_seed,boosting_raw
heldout_seed-505,search-service,incident-0057,database_degradation,True,9.450323816666666,heldout_seed,boosting_raw
heldout_seed-505,search-service,incident-0063,memory_leak,True,9.276746183333334,heldout_seed,boosting_raw
heldout_seed-505,search-service,incident-0064,memory_leak,True,9.542812316666668,heldout_seed,boosting_raw
heldout_seed-505,search-service,incident-0070,cpu_saturation,True,9.47950135,heldout_seed,boosting_raw
heldout_seed-505,search-service,incident-0072,memory_leak,True,9.280274733333332,heldout_seed,boosting_raw
heldout_seed-505,search-service,incident-0077,database_degradation,True,9.179997083333335,heldout_seed,boosting_raw
heldout_seed-505,search-service,incident-0082,traffic_overload,True,5.9221614166666665,heldout_seed,boosting_raw
heldout_seed-505,search-service,incident-0086,traffic_overload,False,,heldout_seed,boosting_raw
heldout_seed-505,search-service,incident-0089,traffic_overload,False,,heldout_seed,boosting_raw
heldout_seed-505,search-service,incident-0095,memory_leak,True,9.251601849999998,heldout_seed,boosting_raw
heldout_seed-505,search-service,incident-0096,traffic_overload,True,8.493928116666668,heldout_seed,boosting_raw
heldout_seed-505,search-service,incident-0101,database_degradation,True,9.210618516666667,heldout_seed,boosting_raw
heldout_seed-505,search-service,incident-0105,cpu_saturation,True,9.975363566666665,heldout_seed,boosting_raw
heldout_seed-505,search-service,incident-0108,cpu_saturation,True,9.345797433333333,heldout_seed,boosting_raw
heldout_seed-505,search-service,incident-0113,database_degradation,True,9.16211425,heldout_seed,boosting_raw
heldout_seed-505,search-service,incident-0118,traffic_overload,True,7.173976550000001,heldout_seed,boosting_raw
heldout_seed-505,search-service,incident-0120,database_degradation,True,9.29586185,heldout_seed,boosting_raw
heldout_seed-505,search-service,incident-0125,cpu_saturation,True,6.693492633333333,heldout_seed,boosting_raw
heldout_seed-404,api-gateway,incident-0000,cpu_saturation,True,9.460925083333333,heldout_seed,boosting_sigmoid
heldout_seed-404,api-gateway,incident-0007,database_degradation,True,9.199331383333334,heldout_seed,boosting_sigmoid
heldout_seed-404,api-gateway,incident-0011,traffic_overload,True,9.685352383333333,heldout_seed,boosting_sigmoid
heldout_seed-404,api-gateway,incident-0013,traffic_overload,True,9.013330016666666,heldout_seed,boosting_sigmoid
heldout_seed-404,api-gateway,incident-0017,traffic_overload,True,8.340419566666666,heldout_seed,boosting_sigmoid
heldout_seed-404,api-gateway,incident-0022,memory_leak,True,6.4282269,heldout_seed,boosting_sigmoid
heldout_seed-404,api-gateway,incident-0027,cpu_saturation,True,7.057023,heldout_seed,boosting_sigmoid
heldout_seed-404,api-gateway,incident-0031,cpu_saturation,True,9.317211183333335,heldout_seed,boosting_sigmoid
heldout_seed-404,api-gateway,incident-0035,memory_leak,True,9.180161233333333,heldout_seed,boosting_sigmoid
heldout_seed-404,api-gateway,incident-0036,cpu_saturation,True,8.434675883333334,heldout_seed,boosting_sigmoid
heldout_seed-404,api-gateway,incident-0041,traffic_overload,True,9.805197816666666,heldout_seed,boosting_sigmoid
heldout_seed-404,api-gateway,incident-0046,database_degradation,True,9.667507233333334,heldout_seed,boosting_sigmoid
heldout_seed-404,api-gateway,incident-0049,cpu_saturation,True,6.706798766666666,heldout_seed,boosting_sigmoid
heldout_seed-404,api-gateway,incident-0053,database_degradation,True,9.763418516666666,heldout_seed,boosting_sigmoid
heldout_seed-404,api-gateway,incident-0058,cpu_saturation,True,6.002711566666666,heldout_seed,boosting_sigmoid
heldout_seed-404,api-gateway,incident-0063,database_degradation,True,9.3406459,heldout_seed,boosting_sigmoid
heldout_seed-404,api-gateway,incident-0066,memory_leak,True,8.513345033333334,heldout_seed,boosting_sigmoid
heldout_seed-404,api-gateway,incident-0068,traffic_overload,True,9.931798350000001,heldout_seed,boosting_sigmoid
heldout_seed-404,api-gateway,incident-0074,database_degradation,True,9.5621634,heldout_seed,boosting_sigmoid
heldout_seed-404,api-gateway,incident-0078,traffic_overload,True,9.640652966666666,heldout_seed,boosting_sigmoid
heldout_seed-404,api-gateway,incident-0081,memory_leak,True,9.111708616666666,heldout_seed,boosting_sigmoid
heldout_seed-404,api-gateway,incident-0087,memory_leak,True,6.909175283333334,heldout_seed,boosting_sigmoid
heldout_seed-404,api-gateway,incident-0088,database_degradation,True,9.211218983333334,heldout_seed,boosting_sigmoid
heldout_seed-404,api-gateway,incident-0094,database_degradation,True,9.2657977,heldout_seed,boosting_sigmoid
heldout_seed-404,api-gateway,incident-0097,memory_leak,True,7.296389916666667,heldout_seed,boosting_sigmoid
heldout_seed-404,api-gateway,incident-0103,cpu_saturation,True,9.399329533333335,heldout_seed,boosting_sigmoid
heldout_seed-404,api-gateway,incident-0107,traffic_overload,True,9.8752233,heldout_seed,boosting_sigmoid
heldout_seed-404,api-gateway,incident-0108,memory_leak,True,9.070592233333334,heldout_seed,boosting_sigmoid
heldout_seed-404,api-gateway,incident-0114,cpu_saturation,True,9.3261135,heldout_seed,boosting_sigmoid
heldout_seed-404,api-gateway,incident-0117,database_degradation,True,9.60164475,heldout_seed,boosting_sigmoid
heldout_seed-404,api-gateway,incident-0120,traffic_overload,True,1.1353978333333332,heldout_seed,boosting_sigmoid
heldout_seed-404,api-gateway,incident-0125,memory_leak,True,8.75205045,heldout_seed,boosting_sigmoid
heldout_seed-404,auth-service,incident-0003,memory_leak,True,9.849134283333333,heldout_seed,boosting_sigmoid
heldout_seed-404,auth-service,incident-0006,memory_leak,True,7.2386936,heldout_seed,boosting_sigmoid
heldout_seed-404,auth-service,incident-0010,memory_leak,True,7.7306702000000005,heldout_seed,boosting_sigmoid
heldout_seed-404,auth-service,incident-0015,traffic_overload,True,2.0222473666666665,heldout_seed,boosting_sigmoid
heldout_seed-404,auth-service,incident-0018,cpu_saturation,True,8.78496515,heldout_seed,boosting_sigmoid
heldout_seed-404,auth-service,incident-0023,cpu_saturation,True,8.289786216666666,heldout_seed,boosting_sigmoid
heldout_seed-404,auth-service,incident-0025,memory_leak,True,8.214271633333333,heldout_seed,boosting_sigmoid
heldout_seed-404,auth-service,incident-0028,traffic_overload,True,9.300584899999999,heldout_seed,boosting_sigmoid
heldout_seed-404,auth-service,incident-0034,cpu_saturation,True,9.697846466666666,heldout_seed,boosting_sigmoid
heldout_seed-404,auth-service,incident-0037,database_degradation,True,8.648384983333333,heldout_seed,boosting_sigmoid
heldout_seed-404,auth-service,incident-0040,cpu_saturation,True,9.113503016666668,heldout_seed,boosting_sigmoid
heldout_seed-404,auth-service,incident-0044,database_degradation,True,9.120690133333333,heldout_seed,boosting_sigmoid
heldout_seed-404,auth-service,incident-0051,database_degradation,True,9.577186316666666,heldout_seed,boosting_sigmoid
heldout_seed-404,auth-service,incident-0055,database_degradation,True,9.0409765,heldout_seed,boosting_sigmoid
heldout_seed-404,auth-service,incident-0059,database_degradation,True,9.944487033333333,heldout_seed,boosting_sigmoid
heldout_seed-404,auth-service,incident-0061,traffic_overload,True,9.762247866666666,heldout_seed,boosting_sigmoid
heldout_seed-404,auth-service,incident-0064,database_degradation,True,9.781007166666665,heldout_seed,boosting_sigmoid
heldout_seed-404,auth-service,incident-0069,traffic_overload,True,8.966669416666667,heldout_seed,boosting_sigmoid
heldout_seed-404,auth-service,incident-0075,database_degradation,True,9.759579566666668,heldout_seed,boosting_sigmoid
heldout_seed-404,auth-service,incident-0077,traffic_overload,True,9.49351225,heldout_seed,boosting_sigmoid
heldout_seed-404,auth-service,incident-0082,cpu_saturation,True,6.5363134,heldout_seed,boosting_sigmoid
heldout_seed-404,auth-service,incident-0085,memory_leak,True,8.786743683333333,heldout_seed,boosting_sigmoid
heldout_seed-404,auth-service,incident-0090,traffic_overload,True,6.933271633333334,heldout_seed,boosting_sigmoid
heldout_seed-404,auth-service,incident-0095,memory_leak,True,9.975627716666667,heldout_seed,boosting_sigmoid
heldout_seed-404,auth-service,incident-0096,traffic_overload,True,9.449552899999999,heldout_seed,boosting_sigmoid
heldout_seed-404,auth-service,incident-0100,cpu_saturation,True,9.640446283333334,heldout_seed,boosting_sigmoid
heldout_seed-404,auth-service,incident-0105,traffic_overload,True,9.16049185,heldout_seed,boosting_sigmoid
heldout_seed-404,auth-service,incident-0109,database_degradation,True,9.019054166666667,heldout_seed,boosting_sigmoid
heldout_seed-404,auth-service,incident-0112,cpu_saturation,True,6.749955866666666,heldout_seed,boosting_sigmoid
heldout_seed-404,auth-service,incident-0116,memory_leak,True,8.0385876,heldout_seed,boosting_sigmoid
heldout_seed-404,auth-service,incident-0123,cpu_saturation,True,6.67082565,heldout_seed,boosting_sigmoid
heldout_seed-404,auth-service,incident-0127,memory_leak,True,7.119573016666666,heldout_seed,boosting_sigmoid
heldout_seed-404,catalog-service,incident-0002,database_degradation,True,9.328994633333334,heldout_seed,boosting_sigmoid
heldout_seed-404,catalog-service,incident-0005,cpu_saturation,True,8.858172683333333,heldout_seed,boosting_sigmoid
heldout_seed-404,catalog-service,incident-0008,database_degradation,True,9.003546816666667,heldout_seed,boosting_sigmoid
heldout_seed-404,catalog-service,incident-0014,memory_leak,True,9.646399983333334,heldout_seed,boosting_sigmoid
heldout_seed-404,catalog-service,incident-0019,memory_leak,True,7.6707123500000005,heldout_seed,boosting_sigmoid
heldout_seed-404,catalog-service,incident-0021,cpu_saturation,True,7.643217816666667,heldout_seed,boosting_sigmoid
heldout_seed-404,catalog-service,incident-0024,traffic_overload,True,2.3159407,heldout_seed,boosting_sigmoid
heldout_seed-404,catalog-service,incident-0029,traffic_overload,True,8.281759416666667,heldout_seed,boosting_sigmoid
heldout_seed-404,catalog-service,incident-0033,traffic_overload,True,9.406063066666666,heldout_seed,boosting_sigmoid
heldout_seed-404,catalog-service,incident-0039,database_degradation,True,9.266969116666667,heldout_seed,boosting_sigmoid
heldout_seed-404,catalog-service,incident-0043,database_degradation,True,9.07977075,heldout_seed,boosting_sigmoid
heldout_seed-404,catalog-service,incident-0045,traffic_overload,True,9.891168183333333,heldout_seed,boosting_sigmoid
heldout_seed-404,catalog-service,incident-0048,database_degradation,True,9.46291875,heldout_seed,boosting_sigmoid
heldout_seed-404,catalog-service,incident-0052,cpu_saturation,True,6.768729116666666,heldout_seed,boosting_sigmoid
heldout_seed-404,catalog-service,incident-0057,memory_leak,True,7.116458133333333,heldout_seed,boosting_sigmoid
heldout_seed-404,catalog-service,incident-0062,memory_leak,True,5.815530933333333,heldout_seed,boosting_sigmoid
heldout_seed-404,catalog-service,incident-0067,memory_leak,True,9.226672933333333,heldout_seed,boosting_sigmoid
heldout_seed-404,catalog-service,incident-0071,traffic_overload,True,9.155429183333332,heldout_seed,boosting_sigmoid
heldout_seed-404,catalog-service,incident-0073,traffic_overload,True,9.5611693,heldout_seed,boosting_sigmoid
heldout_seed-404,catalog-service,incident-0076,database_degradation,True,9.607833833333332,heldout_seed,boosting_sigmoid
heldout_seed-404,catalog-service,incident-0083,cpu_saturation,True,9.28521145,heldout_seed,boosting_sigmoid
heldout_seed-404,catalog-service,incident-0084,memory_leak,True,9.3037521,heldout_seed,boosting_sigmoid
heldout_seed-404,catalog-service,incident-0089,database_degradation,True,7.634629899999999,heldout_seed,boosting_sigmoid
heldout_seed-404,catalog-service,incident-0092,memory_leak,True,8.127991633333334,heldout_seed,boosting_sigmoid
heldout_seed-404,catalog-service,incident-0098,cpu_saturation,True,9.03338585,heldout_seed,boosting_sigmoid
heldout_seed-404,catalog-service,incident-0102,traffic_overload,True,9.09881965,heldout_seed,boosting_sigmoid
heldout_seed-404,catalog-service,incident-0104,traffic_overload,True,9.507399633333334,heldout_seed,boosting_sigmoid
heldout_seed-404,catalog-service,incident-0110,memory_leak,True,9.496579800000001,heldout_seed,boosting_sigmoid
heldout_seed-404,catalog-service,incident-0113,cpu_saturation,True,8.475502966666665,heldout_seed,boosting_sigmoid
heldout_seed-404,catalog-service,incident-0119,cpu_saturation,True,5.5821664,heldout_seed,boosting_sigmoid
heldout_seed-404,catalog-service,incident-0122,cpu_saturation,True,6.25527295,heldout_seed,boosting_sigmoid
heldout_seed-404,catalog-service,incident-0126,database_degradation,True,9.0210744,heldout_seed,boosting_sigmoid
heldout_seed-404,search-service,incident-0001,database_degradation,True,9.287503033333333,heldout_seed,boosting_sigmoid
heldout_seed-404,search-service,incident-0004,traffic_overload,True,9.01429715,heldout_seed,boosting_sigmoid
heldout_seed-404,search-service,incident-0009,memory_leak,True,9.072541316666667,heldout_seed,boosting_sigmoid
heldout_seed-404,search-service,incident-0012,memory_leak,True,9.59275065,heldout_seed,boosting_sigmoid
heldout_seed-404,search-service,incident-0016,database_degradation,True,9.7105262,heldout_seed,boosting_sigmoid
heldout_seed-404,search-service,incident-0020,cpu_saturation,True,8.885584066666667,heldout_seed,boosting_sigmoid
heldout_seed-404,search-service,incident-0026,cpu_saturation,True,9.111531616666667,heldout_seed,boosting_sigmoid
heldout_seed-404,search-service,incident-0030,memory_leak,True,9.053872233333333,heldout_seed,boosting_sigmoid
heldout_seed-404,search-service,incident-0032,database_degradation,True,9.866579283333333,heldout_seed,boosting_sigmoid
heldout_seed-404,search-service,incident-0038,database_degradation,True,9.620205833333333,heldout_seed,boosting_sigmoid
heldout_seed-404,search-service,incident-0042,traffic_overload,True,9.326609516666668,heldout_seed,boosting_sigmoid
heldout_seed-404,search-service,incident-0047,memory_leak,True,9.483452366666667,heldout_seed,boosting_sigmoid
heldout_seed-404,search-service,incident-0050,database_degradation,True,9.679437633333333,heldout_seed,boosting_sigmoid
heldout_seed-404,search-service,incident-0054,memory_leak,True,9.822036950000001,heldout_seed,boosting_sigmoid
heldout_seed-404,search-service,incident-0056,database_degradation,True,9.554428466666668,heldout_seed,boosting_sigmoid
heldout_seed-404,search-service,incident-0060,traffic_overload,True,3.3439156333333333,heldout_seed,boosting_sigmoid
heldout_seed-404,search-service,incident-0065,traffic_overload,True,8.479923583333333,heldout_seed,boosting_sigmoid
heldout_seed-404,search-service,incident-0070,cpu_saturation,True,9.555012549999999,heldout_seed,boosting_sigmoid
heldout_seed-404,search-service,incident-0072,database_degradation,True,9.770456983333334,heldout_seed,boosting_sigmoid
heldout_seed-404,search-service,incident-0079,memory_leak,True,9.332182399999999,heldout_seed,boosting_sigmoid
heldout_seed-404,search-service,incident-0080,traffic_overload,False,,heldout_seed,boosting_sigmoid
heldout_seed-404,search-service,incident-0086,cpu_saturation,True,6.177749816666666,heldout_seed,boosting_sigmoid
heldout_seed-404,search-service,incident-0091,database_degradation,True,9.311892366666665,heldout_seed,boosting_sigmoid
heldout_seed-404,search-service,incident-0093,memory_leak,True,9.760802533333333,heldout_seed,boosting_sigmoid
heldout_seed-404,search-service,incident-0099,traffic_overload,True,7.9706922166666665,heldout_seed,boosting_sigmoid
heldout_seed-404,search-service,incident-0101,traffic_overload,True,8.596305783333333,heldout_seed,boosting_sigmoid
heldout_seed-404,search-service,incident-0106,memory_leak,True,9.271683266666667,heldout_seed,boosting_sigmoid
heldout_seed-404,search-service,incident-0111,cpu_saturation,True,9.363270733333334,heldout_seed,boosting_sigmoid
heldout_seed-404,search-service,incident-0115,traffic_overload,True,7.028163666666667,heldout_seed,boosting_sigmoid
heldout_seed-404,search-service,incident-0118,cpu_saturation,True,7.070719883333334,heldout_seed,boosting_sigmoid
heldout_seed-404,search-service,incident-0121,cpu_saturation,True,6.837887733333333,heldout_seed,boosting_sigmoid
heldout_seed-404,search-service,incident-0124,cpu_saturation,True,9.003564116666666,heldout_seed,boosting_sigmoid
heldout_seed-505,api-gateway,incident-0001,traffic_overload,True,9.068862016666666,heldout_seed,boosting_sigmoid
heldout_seed-505,api-gateway,incident-0005,traffic_overload,True,9.214797033333333,heldout_seed,boosting_sigmoid
heldout_seed-505,api-gateway,incident-0009,cpu_saturation,True,9.948068783333333,heldout_seed,boosting_sigmoid
heldout_seed-505,api-gateway,incident-0012,memory_leak,True,8.309836516666667,heldout_seed,boosting_sigmoid
heldout_seed-505,api-gateway,incident-0016,database_degradation,True,9.744719483333334,heldout_seed,boosting_sigmoid
heldout_seed-505,api-gateway,incident-0022,memory_leak,True,6.953017633333333,heldout_seed,boosting_sigmoid
heldout_seed-505,api-gateway,incident-0025,cpu_saturation,True,7.3744113,heldout_seed,boosting_sigmoid
heldout_seed-505,api-gateway,incident-0029,memory_leak,True,8.937288566666666,heldout_seed,boosting_sigmoid
heldout_seed-505,api-gateway,incident-0032,memory_leak,True,7.898275466666666,heldout_seed,boosting_sigmoid
heldout_seed-505,api-gateway,incident-0039,memory_leak,True,9.1930289,heldout_seed,boosting_sigmoid
heldout_seed-505,api-gateway,incident-0040,database_degradation,True,9.369307533333334,heldout_seed,boosting_sigmoid
heldout_seed-505,api-gateway,incident-0045,database_degradation,True,7.487727949999999,heldout_seed,boosting_sigmoid
heldout_seed-505,api-gateway,incident-0050,traffic_overload,True,2.9340248166666667,heldout_seed,boosting_sigmoid
heldout_seed-505,api-gateway,incident-0055,cpu_saturation,True,5.6463676000000005,heldout_seed,boosting_sigmoid
heldout_seed-505,api-gateway,incident-0058,traffic_overload,True,4.5885114,heldout_seed,boosting_sigmoid
heldout_seed-505,api-gateway,incident-0062,database_degradation,True,9.174682566666666,heldout_seed,boosting_sigmoid
heldout_seed-505,api-gateway,incident-0065,cpu_saturation,True,7.034441316666667,heldout_seed,boosting_sigmoid
heldout_seed-505,api-gateway,incident-0071,traffic_overload,True,9.880912833333333,heldout_seed,boosting_sigmoid
heldout_seed-505,api-gateway,incident-0075,cpu_saturation,True,6.140856166666667,heldout_seed,boosting_sigmoid
heldout_seed-505,api-gateway,incident-0076,cpu_saturation,True,6.252828683333333,heldout_seed,boosting_sigmoid
heldout_seed-505,api-gateway,incident-0080,traffic_overload,True,9.84886375,heldout_seed,boosting_sigmoid
heldout_seed-505,api-gateway,incident-0084,database_degradation,True,9.541936566666667,heldout_seed,boosting_sigmoid
heldout_seed-505,api-gateway,incident-0088,cpu_saturation,True,6.208972866666667,heldout_seed,boosting_sigmoid
heldout_seed-505,api-gateway,incident-0094,database_degradation,True,8.8904636,heldout_seed,boosting_sigmoid
heldout_seed-505,api-gateway,incident-0098,database_degradation,True,8.846467966666667,heldout_seed,boosting_sigmoid
heldout_seed-505,api-gateway,incident-0102,memory_leak,True,8.26053225,heldout_seed,boosting_sigmoid
heldout_seed-505,api-gateway,incident-0107,memory_leak,True,7.460544283333333,heldout_seed,boosting_sigmoid
heldout_seed-505,api-gateway,incident-0110,database_degradation,True,9.276692933333333,heldout_seed,boosting_sigmoid
heldout_seed-505,api-gateway,incident-0112,cpu_saturation,True,9.168271166666667,heldout_seed,boosting_sigmoid
heldout_seed-505,api-gateway,incident-0119,traffic_overload,True,3.1765940666666665,heldout_seed,boosting_sigmoid
heldout_seed-505,api-gateway,incident-0121,memory_leak,True,6.477449816666667,heldout_seed,boosting_sigmoid
heldout_seed-505,api-gateway,incident-0126,traffic_overload,True,9.267694133333332,heldout_seed,boosting_sigmoid
heldout_seed-505,auth-service,incident-0000,database_degradation,True,8.521557216666666,heldout_seed,boosting_sigmoid
heldout_seed-505,auth-service,incident-0004,database_degradation,True,9.854583733333333,heldout_seed,boosting_sigmoid
heldout_seed-505,auth-service,incident-0010,cpu_saturation,True,9.578908049999999,heldout_seed,boosting_sigmoid
heldout_seed-505,auth-service,incident-0013,memory_leak,True,9.465114833333333,heldout_seed,boosting_sigmoid
heldout_seed-505,auth-service,incident-0017,database_degradation,True,9.44822255,heldout_seed,boosting_sigmoid
heldout_seed-505,auth-service,incident-0021,cpu_saturation,True,5.046080983333334,heldout_seed,boosting_sigmoid
heldout_seed-505,auth-service,incident-0026,database_degradation,True,9.701557016666667,heldout_seed,boosting_sigmoid
heldout_seed-505,auth-service,incident-0031,memory_leak,True,9.75561935,heldout_seed,boosting_sigmoid
heldout_seed-505,auth-service,incident-0033,database_degradation,True,9.423770766666667,heldout_seed,boosting_sigmoid
heldout_seed-505,auth-service,incident-0036,database_degradation,True,8.778823116666667,heldout_seed,boosting_sigmoid
heldout_seed-505,auth-service,incident-0041,traffic_overload,True,9.323099616666667,heldout_seed,boosting_sigmoid
heldout_seed-505,auth-service,incident-0046,memory_leak,True,9.963829066666667,heldout_seed,boosting_sigmoid
heldout_seed-505,auth-service,incident-0048,memory_leak,True,7.432182066666667,heldout_seed,boosting_sigmoid
heldout_seed-505,auth-service,incident-0052,traffic_overload,False,,heldout_seed,boosting_sigmoid
heldout_seed-505,auth-service,incident-0059,traffic_overload,True,5.992339916666666,heldout_seed,boosting_sigmoid
heldout_seed-505,auth-service,incident-0061,traffic_overload,True,4.4487963,heldout_seed,boosting_sigmoid
heldout_seed-505,auth-service,incident-0067,traffic_overload,True,9.631951983333332,heldout_seed,boosting_sigmoid
heldout_seed-505,auth-service,incident-0069,memory_leak,True,8.9108491,heldout_seed,boosting_sigmoid
heldout_seed-505,auth-service,incident-0074,cpu_saturation,True,9.677903416666668,heldout_seed,boosting_sigmoid
heldout_seed-505,auth-service,incident-0078,database_degradation,True,9.721133583333334,heldout_seed,boosting_sigmoid
heldout_seed-505,auth-service,incident-0083,cpu_saturation,True,7.327408266666667,heldout_seed,boosting_sigmoid
heldout_seed-505,auth-service,incident-0085,memory_leak,True,9.549828566666667,heldout_seed,boosting_sigmoid
heldout_seed-505,auth-service,incident-0091,cpu_saturation,True,3.4513369833333334,heldout_seed,boosting_sigmoid
heldout_seed-505,auth-service,incident-0092,memory_leak,True,6.087653783333334,heldout_seed,boosting_sigmoid
heldout_seed-505,auth-service,incident-0099,cpu_saturation,True,9.630761116666667,heldout_seed,boosting_sigmoid
heldout_seed-505,auth-service,incident-0100,traffic_overload,True,9.843885683333333,heldout_seed,boosting_sigmoid
heldout_seed-505,auth-service,incident-0104,cpu_saturation,True,9.79878035,heldout_seed,boosting_sigmoid
heldout_seed-505,auth-service,incident-0111,traffic_overload,True,9.33938945,heldout_seed,boosting_sigmoid
heldout_seed-505,auth-service,incident-0115,database_degradation,True,9.08807145,heldout_seed,boosting_sigmoid
heldout_seed-505,auth-service,incident-0117,cpu_saturation,True,8.8710766,heldout_seed,boosting_sigmoid
heldout_seed-505,auth-service,incident-0122,memory_leak,True,9.04626025,heldout_seed,boosting_sigmoid
heldout_seed-505,auth-service,incident-0127,traffic_overload,True,7.146797333333334,heldout_seed,boosting_sigmoid
heldout_seed-505,catalog-service,incident-0003,traffic_overload,True,9.68484265,heldout_seed,boosting_sigmoid
heldout_seed-505,catalog-service,incident-0007,memory_leak,True,9.246427316666665,heldout_seed,boosting_sigmoid
heldout_seed-505,catalog-service,incident-0008,database_degradation,True,9.463927383333333,heldout_seed,boosting_sigmoid
heldout_seed-505,catalog-service,incident-0015,database_degradation,True,9.48741275,heldout_seed,boosting_sigmoid
heldout_seed-505,catalog-service,incident-0018,memory_leak,True,9.538429716666666,heldout_seed,boosting_sigmoid
heldout_seed-505,catalog-service,incident-0023,cpu_saturation,True,6.310929533333334,heldout_seed,boosting_sigmoid
heldout_seed-505,catalog-service,incident-0027,cpu_saturation,True,5.52056475,heldout_seed,boosting_sigmoid
heldout_seed-505,catalog-service,incident-0028,database_degradation,True,9.296759816666668,heldout_seed,boosting_sigmoid
heldout_seed-505,catalog-service,incident-0034,memory_leak,True,9.184318033333334,heldout_seed,boosting_sigmoid
heldout_seed-505,catalog-service,incident-0037,database_degradation,True,8.930061616666668,heldout_seed,boosting_sigmoid
heldout_seed-505,catalog-service,incident-0043,cpu_saturation,True,8.17330655,heldout_seed,boosting_sigmoid
heldout_seed-505,catalog-service,incident-0047,cpu_saturation,True,9.22633375,heldout_seed,boosting_sigmoid
heldout_seed-505,catalog-service,incident-0051,database_degradation,True,9.0103609,heldout_seed,boosting_sigmoid
heldout_seed-505,catalog-service,incident-0053,traffic_overload,False,,heldout_seed,boosting_sigmoid
heldout_seed-505,catalog-service,incident-0056,traffic_overload,False,,heldout_seed,boosting_sigmoid
heldout_seed-505,catalog-service,incident-0060,traffic_overload,True,4.376474316666667,heldout_seed,boosting_sigmoid
heldout_seed-505,catalog-service,incident-0066,memory_leak,True,9.3875114,heldout_seed,boosting_sigmoid
heldout_seed-505,catalog-service,incident-0068,database_degradation,True,9.839035066666666,heldout_seed,boosting_sigmoid
heldout_seed-505,catalog-service,incident-0073,memory_leak,True,8.058854666666667,heldout_seed,boosting_sigmoid
heldout_seed-505,catalog-service,incident-0079,traffic_overload,True,7.9929954,heldout_seed,boosting_sigmoid
heldout_seed-505,catalog-service,incident-0081,memory_leak,True,9.6951698,heldout_seed,boosting_sigmoid
heldout_seed-505,catalog-service,incident-0087,cpu_saturation,True,7.1410345,heldout_seed,boosting_sigmoid
heldout_seed-505,catalog-service,incident-0090,memory_leak,True,8.677704400000001,heldout_seed,boosting_sigmoid
heldout_seed-505,catalog-service,incident-0093,traffic_overload,False,,heldout_seed,boosting_sigmoid
heldout_seed-505,catalog-service,incident-0097,traffic_overload,True,7.31918865,heldout_seed,boosting_sigmoid
heldout_seed-505,catalog-service,incident-0103,cpu_saturation,True,9.857623416666666,heldout_seed,boosting_sigmoid
heldout_seed-505,catalog-service,incident-0106,memory_leak,True,9.1271786,heldout_seed,boosting_sigmoid
heldout_seed-505,catalog-service,incident-0109,cpu_saturation,True,8.961136183333334,heldout_seed,boosting_sigmoid
heldout_seed-505,catalog-service,incident-0114,traffic_overload,True,8.182705649999999,heldout_seed,boosting_sigmoid
heldout_seed-505,catalog-service,incident-0116,database_degradation,True,9.331873316666668,heldout_seed,boosting_sigmoid
heldout_seed-505,catalog-service,incident-0123,cpu_saturation,True,7.671673033333334,heldout_seed,boosting_sigmoid
heldout_seed-505,catalog-service,incident-0124,database_degradation,True,8.967188850000001,heldout_seed,boosting_sigmoid
heldout_seed-505,search-service,incident-0002,cpu_saturation,True,9.13988805,heldout_seed,boosting_sigmoid
heldout_seed-505,search-service,incident-0006,cpu_saturation,True,9.970902383333334,heldout_seed,boosting_sigmoid
heldout_seed-505,search-service,incident-0011,cpu_saturation,True,9.677330466666666,heldout_seed,boosting_sigmoid
heldout_seed-505,search-service,incident-0014,memory_leak,True,7.266972733333334,heldout_seed,boosting_sigmoid
heldout_seed-505,search-service,incident-0019,database_degradation,True,9.36400185,heldout_seed,boosting_sigmoid
heldout_seed-505,search-service,incident-0020,traffic_overload,True,3.4912072333333333,heldout_seed,boosting_sigmoid
heldout_seed-505,search-service,incident-0024,memory_leak,True,9.278810633333334,heldout_seed,boosting_sigmoid
heldout_seed-505,search-service,incident-0030,memory_leak,True,9.392169416666666,heldout_seed,boosting_sigmoid
heldout_seed-505,search-service,incident-0035,traffic_overload,True,9.098320316666667,heldout_seed,boosting_sigmoid
heldout_seed-505,search-service,incident-0038,cpu_saturation,True,9.740589716666667,heldout_seed,boosting_sigmoid
heldout_seed-505,search-service,incident-0042,database_degradation,True,9.429573883333335,heldout_seed,boosting_sigmoid
heldout_seed-505,search-service,incident-0044,traffic_overload,True,9.785191316666667,heldout_seed,boosting_sigmoid
heldout_seed-505,search-service,incident-0049,memory_leak,True,9.354674266666667,heldout_seed,boosting_sigmoid
heldout_seed-505,search-service,incident-0054,database_degradation,True,9.592834283333334,heldout_seed,boosting_sigmoid
heldout_seed-505,search-service,incident-0057,database_degradation,True,9.450323816666666,heldout_seed,boosting_sigmoid
heldout_seed-505,search-service,incident-0063,memory_leak,True,9.276746183333334,heldout_seed,boosting_sigmoid
heldout_seed-505,search-service,incident-0064,memory_leak,True,9.542812316666668,heldout_seed,boosting_sigmoid
heldout_seed-505,search-service,incident-0070,cpu_saturation,True,9.47950135,heldout_seed,boosting_sigmoid
heldout_seed-505,search-service,incident-0072,memory_leak,True,9.280274733333332,heldout_seed,boosting_sigmoid
heldout_seed-505,search-service,incident-0077,database_degradation,True,9.179997083333335,heldout_seed,boosting_sigmoid
heldout_seed-505,search-service,incident-0082,traffic_overload,True,5.9221614166666665,heldout_seed,boosting_sigmoid
heldout_seed-505,search-service,incident-0086,traffic_overload,False,,heldout_seed,boosting_sigmoid
heldout_seed-505,search-service,incident-0089,traffic_overload,False,,heldout_seed,boosting_sigmoid
heldout_seed-505,search-service,incident-0095,memory_leak,True,9.251601849999998,heldout_seed,boosting_sigmoid
heldout_seed-505,search-service,incident-0096,traffic_overload,True,8.493928116666668,heldout_seed,boosting_sigmoid
heldout_seed-505,search-service,incident-0101,database_degradation,True,9.210618516666667,heldout_seed,boosting_sigmoid
heldout_seed-505,search-service,incident-0105,cpu_saturation,True,9.975363566666665,heldout_seed,boosting_sigmoid
heldout_seed-505,search-service,incident-0108,cpu_saturation,True,9.345797433333333,heldout_seed,boosting_sigmoid
heldout_seed-505,search-service,incident-0113,database_degradation,True,9.16211425,heldout_seed,boosting_sigmoid
heldout_seed-505,search-service,incident-0118,traffic_overload,True,7.173976550000001,heldout_seed,boosting_sigmoid
heldout_seed-505,search-service,incident-0120,database_degradation,True,9.29586185,heldout_seed,boosting_sigmoid
heldout_seed-505,search-service,incident-0125,cpu_saturation,True,6.693492633333333,heldout_seed,boosting_sigmoid
heldout_seed-404,api-gateway,incident-0000,cpu_saturation,True,9.460925083333333,heldout_seed,logistic_raw
heldout_seed-404,api-gateway,incident-0007,database_degradation,True,9.199331383333334,heldout_seed,logistic_raw
heldout_seed-404,api-gateway,incident-0011,traffic_overload,True,9.685352383333333,heldout_seed,logistic_raw
heldout_seed-404,api-gateway,incident-0013,traffic_overload,True,9.013330016666666,heldout_seed,logistic_raw
heldout_seed-404,api-gateway,incident-0017,traffic_overload,True,9.340419566666666,heldout_seed,logistic_raw
heldout_seed-404,api-gateway,incident-0022,memory_leak,True,9.4282269,heldout_seed,logistic_raw
heldout_seed-404,api-gateway,incident-0027,cpu_saturation,True,9.057023,heldout_seed,logistic_raw
heldout_seed-404,api-gateway,incident-0031,cpu_saturation,True,9.317211183333335,heldout_seed,logistic_raw
heldout_seed-404,api-gateway,incident-0035,memory_leak,True,9.180161233333333,heldout_seed,logistic_raw
heldout_seed-404,api-gateway,incident-0036,cpu_saturation,True,9.434675883333334,heldout_seed,logistic_raw
heldout_seed-404,api-gateway,incident-0041,traffic_overload,True,9.805197816666666,heldout_seed,logistic_raw
heldout_seed-404,api-gateway,incident-0046,database_degradation,True,9.667507233333334,heldout_seed,logistic_raw
heldout_seed-404,api-gateway,incident-0049,cpu_saturation,True,9.706798766666667,heldout_seed,logistic_raw
heldout_seed-404,api-gateway,incident-0053,database_degradation,True,9.763418516666666,heldout_seed,logistic_raw
heldout_seed-404,api-gateway,incident-0058,cpu_saturation,True,9.002711566666667,heldout_seed,logistic_raw
heldout_seed-404,api-gateway,incident-0063,database_degradation,True,9.3406459,heldout_seed,logistic_raw
heldout_seed-404,api-gateway,incident-0066,memory_leak,True,9.513345033333334,heldout_seed,logistic_raw
heldout_seed-404,api-gateway,incident-0068,traffic_overload,True,9.931798350000001,heldout_seed,logistic_raw
heldout_seed-404,api-gateway,incident-0074,database_degradation,True,9.5621634,heldout_seed,logistic_raw
heldout_seed-404,api-gateway,incident-0078,traffic_overload,True,9.640652966666666,heldout_seed,logistic_raw
heldout_seed-404,api-gateway,incident-0081,memory_leak,True,9.111708616666666,heldout_seed,logistic_raw
heldout_seed-404,api-gateway,incident-0087,memory_leak,True,9.909175283333333,heldout_seed,logistic_raw
heldout_seed-404,api-gateway,incident-0088,database_degradation,True,9.211218983333334,heldout_seed,logistic_raw
heldout_seed-404,api-gateway,incident-0094,database_degradation,True,9.2657977,heldout_seed,logistic_raw
heldout_seed-404,api-gateway,incident-0097,memory_leak,True,9.296389916666667,heldout_seed,logistic_raw
heldout_seed-404,api-gateway,incident-0103,cpu_saturation,True,9.399329533333335,heldout_seed,logistic_raw
heldout_seed-404,api-gateway,incident-0107,traffic_overload,True,9.8752233,heldout_seed,logistic_raw
heldout_seed-404,api-gateway,incident-0108,memory_leak,True,9.070592233333334,heldout_seed,logistic_raw
heldout_seed-404,api-gateway,incident-0114,cpu_saturation,True,9.3261135,heldout_seed,logistic_raw
heldout_seed-404,api-gateway,incident-0117,database_degradation,True,9.60164475,heldout_seed,logistic_raw
heldout_seed-404,api-gateway,incident-0120,traffic_overload,True,9.135397833333334,heldout_seed,logistic_raw
heldout_seed-404,api-gateway,incident-0125,memory_leak,True,9.75205045,heldout_seed,logistic_raw
heldout_seed-404,auth-service,incident-0003,memory_leak,True,9.849134283333333,heldout_seed,logistic_raw
heldout_seed-404,auth-service,incident-0006,memory_leak,True,9.2386936,heldout_seed,logistic_raw
heldout_seed-404,auth-service,incident-0010,memory_leak,True,9.730670199999999,heldout_seed,logistic_raw
heldout_seed-404,auth-service,incident-0015,traffic_overload,True,9.022247366666667,heldout_seed,logistic_raw
heldout_seed-404,auth-service,incident-0018,cpu_saturation,True,9.78496515,heldout_seed,logistic_raw
heldout_seed-404,auth-service,incident-0023,cpu_saturation,True,9.289786216666666,heldout_seed,logistic_raw
heldout_seed-404,auth-service,incident-0025,memory_leak,True,9.214271633333334,heldout_seed,logistic_raw
heldout_seed-404,auth-service,incident-0028,traffic_overload,True,9.300584899999999,heldout_seed,logistic_raw
heldout_seed-404,auth-service,incident-0034,cpu_saturation,True,9.697846466666666,heldout_seed,logistic_raw
heldout_seed-404,auth-service,incident-0037,database_degradation,True,9.648384983333333,heldout_seed,logistic_raw
heldout_seed-404,auth-service,incident-0040,cpu_saturation,True,9.113503016666668,heldout_seed,logistic_raw
heldout_seed-404,auth-service,incident-0044,database_degradation,True,9.120690133333333,heldout_seed,logistic_raw
heldout_seed-404,auth-service,incident-0051,database_degradation,True,9.577186316666666,heldout_seed,logistic_raw
heldout_seed-404,auth-service,incident-0055,database_degradation,True,9.0409765,heldout_seed,logistic_raw
heldout_seed-404,auth-service,incident-0059,database_degradation,True,9.944487033333333,heldout_seed,logistic_raw
heldout_seed-404,auth-service,incident-0061,traffic_overload,True,9.762247866666666,heldout_seed,logistic_raw
heldout_seed-404,auth-service,incident-0064,database_degradation,True,9.781007166666665,heldout_seed,logistic_raw
heldout_seed-404,auth-service,incident-0069,traffic_overload,True,9.966669416666667,heldout_seed,logistic_raw
heldout_seed-404,auth-service,incident-0075,database_degradation,True,9.759579566666668,heldout_seed,logistic_raw
heldout_seed-404,auth-service,incident-0077,traffic_overload,True,9.49351225,heldout_seed,logistic_raw
heldout_seed-404,auth-service,incident-0082,cpu_saturation,True,9.536313400000001,heldout_seed,logistic_raw
heldout_seed-404,auth-service,incident-0085,memory_leak,True,9.786743683333333,heldout_seed,logistic_raw
heldout_seed-404,auth-service,incident-0090,traffic_overload,True,9.933271633333334,heldout_seed,logistic_raw
heldout_seed-404,auth-service,incident-0095,memory_leak,True,9.975627716666667,heldout_seed,logistic_raw
heldout_seed-404,auth-service,incident-0096,traffic_overload,True,9.449552899999999,heldout_seed,logistic_raw
heldout_seed-404,auth-service,incident-0100,cpu_saturation,True,9.640446283333334,heldout_seed,logistic_raw
heldout_seed-404,auth-service,incident-0105,traffic_overload,True,9.16049185,heldout_seed,logistic_raw
heldout_seed-404,auth-service,incident-0109,database_degradation,True,9.019054166666667,heldout_seed,logistic_raw
heldout_seed-404,auth-service,incident-0112,cpu_saturation,True,9.749955866666665,heldout_seed,logistic_raw
heldout_seed-404,auth-service,incident-0116,memory_leak,True,9.0385876,heldout_seed,logistic_raw
heldout_seed-404,auth-service,incident-0123,cpu_saturation,True,9.670825650000001,heldout_seed,logistic_raw
heldout_seed-404,auth-service,incident-0127,memory_leak,True,9.119573016666667,heldout_seed,logistic_raw
heldout_seed-404,catalog-service,incident-0002,database_degradation,True,9.328994633333334,heldout_seed,logistic_raw
heldout_seed-404,catalog-service,incident-0005,cpu_saturation,True,9.858172683333333,heldout_seed,logistic_raw
heldout_seed-404,catalog-service,incident-0008,database_degradation,True,9.003546816666667,heldout_seed,logistic_raw
heldout_seed-404,catalog-service,incident-0014,memory_leak,True,9.646399983333334,heldout_seed,logistic_raw
heldout_seed-404,catalog-service,incident-0019,memory_leak,True,9.67071235,heldout_seed,logistic_raw
heldout_seed-404,catalog-service,incident-0021,cpu_saturation,True,9.643217816666667,heldout_seed,logistic_raw
heldout_seed-404,catalog-service,incident-0024,traffic_overload,True,9.3159407,heldout_seed,logistic_raw
heldout_seed-404,catalog-service,incident-0029,traffic_overload,True,9.281759416666667,heldout_seed,logistic_raw
heldout_seed-404,catalog-service,incident-0033,traffic_overload,True,9.406063066666666,heldout_seed,logistic_raw
heldout_seed-404,catalog-service,incident-0039,database_degradation,True,9.266969116666667,heldout_seed,logistic_raw
heldout_seed-404,catalog-service,incident-0043,database_degradation,True,9.07977075,heldout_seed,logistic_raw
heldout_seed-404,catalog-service,incident-0045,traffic_overload,True,9.891168183333333,heldout_seed,logistic_raw
heldout_seed-404,catalog-service,incident-0048,database_degradation,True,9.46291875,heldout_seed,logistic_raw
heldout_seed-404,catalog-service,incident-0052,cpu_saturation,True,9.768729116666666,heldout_seed,logistic_raw
heldout_seed-404,catalog-service,incident-0057,memory_leak,True,9.116458133333333,heldout_seed,logistic_raw
heldout_seed-404,catalog-service,incident-0062,memory_leak,True,9.815530933333333,heldout_seed,logistic_raw
heldout_seed-404,catalog-service,incident-0067,memory_leak,True,9.226672933333333,heldout_seed,logistic_raw
heldout_seed-404,catalog-service,incident-0071,traffic_overload,True,9.155429183333332,heldout_seed,logistic_raw
heldout_seed-404,catalog-service,incident-0073,traffic_overload,True,9.5611693,heldout_seed,logistic_raw
heldout_seed-404,catalog-service,incident-0076,database_degradation,True,9.607833833333332,heldout_seed,logistic_raw
heldout_seed-404,catalog-service,incident-0083,cpu_saturation,True,9.28521145,heldout_seed,logistic_raw
heldout_seed-404,catalog-service,incident-0084,memory_leak,True,9.3037521,heldout_seed,logistic_raw
heldout_seed-404,catalog-service,incident-0089,database_degradation,True,9.6346299,heldout_seed,logistic_raw
heldout_seed-404,catalog-service,incident-0092,memory_leak,True,9.127991633333332,heldout_seed,logistic_raw
heldout_seed-404,catalog-service,incident-0098,cpu_saturation,True,9.03338585,heldout_seed,logistic_raw
heldout_seed-404,catalog-service,incident-0102,traffic_overload,True,9.09881965,heldout_seed,logistic_raw
heldout_seed-404,catalog-service,incident-0104,traffic_overload,True,9.507399633333334,heldout_seed,logistic_raw
heldout_seed-404,catalog-service,incident-0110,memory_leak,True,9.496579800000001,heldout_seed,logistic_raw
heldout_seed-404,catalog-service,incident-0113,cpu_saturation,True,9.475502966666665,heldout_seed,logistic_raw
heldout_seed-404,catalog-service,incident-0119,cpu_saturation,True,9.5821664,heldout_seed,logistic_raw
heldout_seed-404,catalog-service,incident-0122,cpu_saturation,True,9.25527295,heldout_seed,logistic_raw
heldout_seed-404,catalog-service,incident-0126,database_degradation,True,9.0210744,heldout_seed,logistic_raw
heldout_seed-404,search-service,incident-0001,database_degradation,True,9.287503033333333,heldout_seed,logistic_raw
heldout_seed-404,search-service,incident-0004,traffic_overload,True,9.01429715,heldout_seed,logistic_raw
heldout_seed-404,search-service,incident-0009,memory_leak,True,9.072541316666667,heldout_seed,logistic_raw
heldout_seed-404,search-service,incident-0012,memory_leak,True,9.59275065,heldout_seed,logistic_raw
heldout_seed-404,search-service,incident-0016,database_degradation,True,9.7105262,heldout_seed,logistic_raw
heldout_seed-404,search-service,incident-0020,cpu_saturation,True,9.885584066666667,heldout_seed,logistic_raw
heldout_seed-404,search-service,incident-0026,cpu_saturation,True,9.111531616666667,heldout_seed,logistic_raw
heldout_seed-404,search-service,incident-0030,memory_leak,True,9.053872233333333,heldout_seed,logistic_raw
heldout_seed-404,search-service,incident-0032,database_degradation,True,9.866579283333333,heldout_seed,logistic_raw
heldout_seed-404,search-service,incident-0038,database_degradation,True,9.620205833333333,heldout_seed,logistic_raw
heldout_seed-404,search-service,incident-0042,traffic_overload,True,9.326609516666668,heldout_seed,logistic_raw
heldout_seed-404,search-service,incident-0047,memory_leak,True,9.483452366666667,heldout_seed,logistic_raw
heldout_seed-404,search-service,incident-0050,database_degradation,True,9.679437633333333,heldout_seed,logistic_raw
heldout_seed-404,search-service,incident-0054,memory_leak,True,9.822036950000001,heldout_seed,logistic_raw
heldout_seed-404,search-service,incident-0056,database_degradation,True,9.554428466666668,heldout_seed,logistic_raw
heldout_seed-404,search-service,incident-0060,traffic_overload,True,9.343915633333333,heldout_seed,logistic_raw
heldout_seed-404,search-service,incident-0065,traffic_overload,True,9.479923583333335,heldout_seed,logistic_raw
heldout_seed-404,search-service,incident-0070,cpu_saturation,True,9.555012549999999,heldout_seed,logistic_raw
heldout_seed-404,search-service,incident-0072,database_degradation,True,9.770456983333334,heldout_seed,logistic_raw
heldout_seed-404,search-service,incident-0079,memory_leak,True,9.332182399999999,heldout_seed,logistic_raw
heldout_seed-404,search-service,incident-0080,traffic_overload,True,9.804439,heldout_seed,logistic_raw
heldout_seed-404,search-service,incident-0086,cpu_saturation,True,9.177749816666667,heldout_seed,logistic_raw
heldout_seed-404,search-service,incident-0091,database_degradation,True,9.311892366666665,heldout_seed,logistic_raw
heldout_seed-404,search-service,incident-0093,memory_leak,True,9.760802533333333,heldout_seed,logistic_raw
heldout_seed-404,search-service,incident-0099,traffic_overload,True,9.970692216666666,heldout_seed,logistic_raw
heldout_seed-404,search-service,incident-0101,traffic_overload,True,9.596305783333333,heldout_seed,logistic_raw
heldout_seed-404,search-service,incident-0106,memory_leak,True,9.271683266666667,heldout_seed,logistic_raw
heldout_seed-404,search-service,incident-0111,cpu_saturation,True,9.363270733333334,heldout_seed,logistic_raw
heldout_seed-404,search-service,incident-0115,traffic_overload,True,9.028163666666668,heldout_seed,logistic_raw
heldout_seed-404,search-service,incident-0118,cpu_saturation,True,9.070719883333334,heldout_seed,logistic_raw
heldout_seed-404,search-service,incident-0121,cpu_saturation,True,9.837887733333334,heldout_seed,logistic_raw
heldout_seed-404,search-service,incident-0124,cpu_saturation,True,9.003564116666666,heldout_seed,logistic_raw
heldout_seed-505,api-gateway,incident-0001,traffic_overload,True,9.068862016666666,heldout_seed,logistic_raw
heldout_seed-505,api-gateway,incident-0005,traffic_overload,True,9.214797033333333,heldout_seed,logistic_raw
heldout_seed-505,api-gateway,incident-0009,cpu_saturation,True,9.948068783333333,heldout_seed,logistic_raw
heldout_seed-505,api-gateway,incident-0012,memory_leak,True,9.309836516666667,heldout_seed,logistic_raw
heldout_seed-505,api-gateway,incident-0016,database_degradation,True,9.744719483333334,heldout_seed,logistic_raw
heldout_seed-505,api-gateway,incident-0022,memory_leak,True,9.953017633333333,heldout_seed,logistic_raw
heldout_seed-505,api-gateway,incident-0025,cpu_saturation,True,9.3744113,heldout_seed,logistic_raw
heldout_seed-505,api-gateway,incident-0029,memory_leak,True,9.937288566666666,heldout_seed,logistic_raw
heldout_seed-505,api-gateway,incident-0032,memory_leak,True,9.898275466666666,heldout_seed,logistic_raw
heldout_seed-505,api-gateway,incident-0039,memory_leak,True,9.1930289,heldout_seed,logistic_raw
heldout_seed-505,api-gateway,incident-0040,database_degradation,True,9.369307533333334,heldout_seed,logistic_raw
heldout_seed-505,api-gateway,incident-0045,database_degradation,True,9.48772795,heldout_seed,logistic_raw
heldout_seed-505,api-gateway,incident-0050,traffic_overload,True,9.934024816666666,heldout_seed,logistic_raw
heldout_seed-505,api-gateway,incident-0055,cpu_saturation,True,9.6463676,heldout_seed,logistic_raw
heldout_seed-505,api-gateway,incident-0058,traffic_overload,True,9.5885114,heldout_seed,logistic_raw
heldout_seed-505,api-gateway,incident-0062,database_degradation,True,9.174682566666666,heldout_seed,logistic_raw
heldout_seed-505,api-gateway,incident-0065,cpu_saturation,True,9.034441316666666,heldout_seed,logistic_raw
heldout_seed-505,api-gateway,incident-0071,traffic_overload,True,9.880912833333333,heldout_seed,logistic_raw
heldout_seed-505,api-gateway,incident-0075,cpu_saturation,True,9.140856166666667,heldout_seed,logistic_raw
heldout_seed-505,api-gateway,incident-0076,cpu_saturation,True,9.252828683333332,heldout_seed,logistic_raw
heldout_seed-505,api-gateway,incident-0080,traffic_overload,True,9.84886375,heldout_seed,logistic_raw
heldout_seed-505,api-gateway,incident-0084,database_degradation,True,9.541936566666667,heldout_seed,logistic_raw
heldout_seed-505,api-gateway,incident-0088,cpu_saturation,True,9.208972866666667,heldout_seed,logistic_raw
heldout_seed-505,api-gateway,incident-0094,database_degradation,True,9.8904636,heldout_seed,logistic_raw
heldout_seed-505,api-gateway,incident-0098,database_degradation,True,9.846467966666667,heldout_seed,logistic_raw
heldout_seed-505,api-gateway,incident-0102,memory_leak,True,9.26053225,heldout_seed,logistic_raw
heldout_seed-505,api-gateway,incident-0107,memory_leak,True,9.460544283333332,heldout_seed,logistic_raw
heldout_seed-505,api-gateway,incident-0110,database_degradation,True,9.276692933333333,heldout_seed,logistic_raw
heldout_seed-505,api-gateway,incident-0112,cpu_saturation,True,9.168271166666667,heldout_seed,logistic_raw
heldout_seed-505,api-gateway,incident-0119,traffic_overload,True,9.176594066666667,heldout_seed,logistic_raw
heldout_seed-505,api-gateway,incident-0121,memory_leak,True,9.477449816666667,heldout_seed,logistic_raw
heldout_seed-505,api-gateway,incident-0126,traffic_overload,True,9.267694133333332,heldout_seed,logistic_raw
heldout_seed-505,auth-service,incident-0000,database_degradation,True,9.521557216666668,heldout_seed,logistic_raw
heldout_seed-505,auth-service,incident-0004,database_degradation,True,9.854583733333333,heldout_seed,logistic_raw
heldout_seed-505,auth-service,incident-0010,cpu_saturation,True,9.578908049999999,heldout_seed,logistic_raw
heldout_seed-505,auth-service,incident-0013,memory_leak,True,9.465114833333333,heldout_seed,logistic_raw
heldout_seed-505,auth-service,incident-0017,database_degradation,True,9.44822255,heldout_seed,logistic_raw
heldout_seed-505,auth-service,incident-0021,cpu_saturation,True,9.046080983333333,heldout_seed,logistic_raw
heldout_seed-505,auth-service,incident-0026,database_degradation,True,9.701557016666667,heldout_seed,logistic_raw
heldout_seed-505,auth-service,incident-0031,memory_leak,True,9.75561935,heldout_seed,logistic_raw
heldout_seed-505,auth-service,incident-0033,database_degradation,True,9.423770766666667,heldout_seed,logistic_raw
heldout_seed-505,auth-service,incident-0036,database_degradation,True,9.778823116666667,heldout_seed,logistic_raw
heldout_seed-505,auth-service,incident-0041,traffic_overload,True,9.323099616666667,heldout_seed,logistic_raw
heldout_seed-505,auth-service,incident-0046,memory_leak,True,9.963829066666667,heldout_seed,logistic_raw
heldout_seed-505,auth-service,incident-0048,memory_leak,True,9.432182066666666,heldout_seed,logistic_raw
heldout_seed-505,auth-service,incident-0052,traffic_overload,True,9.826479116666667,heldout_seed,logistic_raw
heldout_seed-505,auth-service,incident-0059,traffic_overload,True,9.992339916666667,heldout_seed,logistic_raw
heldout_seed-505,auth-service,incident-0061,traffic_overload,True,9.4487963,heldout_seed,logistic_raw
heldout_seed-505,auth-service,incident-0067,traffic_overload,True,9.631951983333332,heldout_seed,logistic_raw
heldout_seed-505,auth-service,incident-0069,memory_leak,True,9.9108491,heldout_seed,logistic_raw
heldout_seed-505,auth-service,incident-0074,cpu_saturation,True,9.677903416666668,heldout_seed,logistic_raw
heldout_seed-505,auth-service,incident-0078,database_degradation,True,9.721133583333334,heldout_seed,logistic_raw
heldout_seed-505,auth-service,incident-0083,cpu_saturation,True,9.327408266666668,heldout_seed,logistic_raw
heldout_seed-505,auth-service,incident-0085,memory_leak,True,9.549828566666667,heldout_seed,logistic_raw
heldout_seed-505,auth-service,incident-0091,cpu_saturation,True,9.451336983333334,heldout_seed,logistic_raw
heldout_seed-505,auth-service,incident-0092,memory_leak,True,9.087653783333334,heldout_seed,logistic_raw
heldout_seed-505,auth-service,incident-0099,cpu_saturation,True,9.630761116666667,heldout_seed,logistic_raw
heldout_seed-505,auth-service,incident-0100,traffic_overload,True,9.843885683333333,heldout_seed,logistic_raw
heldout_seed-505,auth-service,incident-0104,cpu_saturation,True,9.79878035,heldout_seed,logistic_raw
heldout_seed-505,auth-service,incident-0111,traffic_overload,True,9.33938945,heldout_seed,logistic_raw
heldout_seed-505,auth-service,incident-0115,database_degradation,True,9.08807145,heldout_seed,logistic_raw
heldout_seed-505,auth-service,incident-0117,cpu_saturation,True,9.8710766,heldout_seed,logistic_raw
heldout_seed-505,auth-service,incident-0122,memory_leak,True,9.04626025,heldout_seed,logistic_raw
heldout_seed-505,auth-service,incident-0127,traffic_overload,True,9.146797333333334,heldout_seed,logistic_raw
heldout_seed-505,catalog-service,incident-0003,traffic_overload,True,9.68484265,heldout_seed,logistic_raw
heldout_seed-505,catalog-service,incident-0007,memory_leak,True,9.246427316666665,heldout_seed,logistic_raw
heldout_seed-505,catalog-service,incident-0008,database_degradation,True,9.463927383333333,heldout_seed,logistic_raw
heldout_seed-505,catalog-service,incident-0015,database_degradation,True,9.48741275,heldout_seed,logistic_raw
heldout_seed-505,catalog-service,incident-0018,memory_leak,True,9.538429716666666,heldout_seed,logistic_raw
heldout_seed-505,catalog-service,incident-0023,cpu_saturation,True,9.310929533333333,heldout_seed,logistic_raw
heldout_seed-505,catalog-service,incident-0027,cpu_saturation,True,9.52056475,heldout_seed,logistic_raw
heldout_seed-505,catalog-service,incident-0028,database_degradation,True,9.296759816666668,heldout_seed,logistic_raw
heldout_seed-505,catalog-service,incident-0034,memory_leak,True,9.184318033333334,heldout_seed,logistic_raw
heldout_seed-505,catalog-service,incident-0037,database_degradation,True,9.930061616666668,heldout_seed,logistic_raw
heldout_seed-505,catalog-service,incident-0043,cpu_saturation,True,9.173306550000001,heldout_seed,logistic_raw
heldout_seed-505,catalog-service,incident-0047,cpu_saturation,True,9.22633375,heldout_seed,logistic_raw
heldout_seed-505,catalog-service,incident-0051,database_degradation,True,9.0103609,heldout_seed,logistic_raw
heldout_seed-505,catalog-service,incident-0053,traffic_overload,True,9.18578345,heldout_seed,logistic_raw
heldout_seed-505,catalog-service,incident-0056,traffic_overload,True,9.604178033333334,heldout_seed,logistic_raw
heldout_seed-505,catalog-service,incident-0060,traffic_overload,True,9.376474316666666,heldout_seed,logistic_raw
heldout_seed-505,catalog-service,incident-0066,memory_leak,True,9.3875114,heldout_seed,logistic_raw
heldout_seed-505,catalog-service,incident-0068,database_degradation,True,9.839035066666666,heldout_seed,logistic_raw
heldout_seed-505,catalog-service,incident-0073,memory_leak,True,9.058854666666667,heldout_seed,logistic_raw
heldout_seed-505,catalog-service,incident-0079,traffic_overload,True,9.992995400000002,heldout_seed,logistic_raw
heldout_seed-505,catalog-service,incident-0081,memory_leak,True,9.6951698,heldout_seed,logistic_raw
heldout_seed-505,catalog-service,incident-0087,cpu_saturation,True,9.1410345,heldout_seed,logistic_raw
heldout_seed-505,catalog-service,incident-0090,memory_leak,True,9.677704400000001,heldout_seed,logistic_raw
heldout_seed-505,catalog-service,incident-0093,traffic_overload,True,9.915243766666666,heldout_seed,logistic_raw
heldout_seed-505,catalog-service,incident-0097,traffic_overload,True,9.31918865,heldout_seed,logistic_raw
heldout_seed-505,catalog-service,incident-0103,cpu_saturation,True,9.857623416666666,heldout_seed,logistic_raw
heldout_seed-505,catalog-service,incident-0106,memory_leak,True,9.1271786,heldout_seed,logistic_raw
heldout_seed-505,catalog-service,incident-0109,cpu_saturation,True,9.961136183333334,heldout_seed,logistic_raw
heldout_seed-505,catalog-service,incident-0114,traffic_overload,True,9.18270565,heldout_seed,logistic_raw
heldout_seed-505,catalog-service,incident-0116,database_degradation,True,9.331873316666668,heldout_seed,logistic_raw
heldout_seed-505,catalog-service,incident-0123,cpu_saturation,True,9.671673033333333,heldout_seed,logistic_raw
heldout_seed-505,catalog-service,incident-0124,database_degradation,True,9.967188850000001,heldout_seed,logistic_raw
heldout_seed-505,search-service,incident-0002,cpu_saturation,True,9.13988805,heldout_seed,logistic_raw
heldout_seed-505,search-service,incident-0006,cpu_saturation,True,9.970902383333334,heldout_seed,logistic_raw
heldout_seed-505,search-service,incident-0011,cpu_saturation,True,9.677330466666666,heldout_seed,logistic_raw
heldout_seed-505,search-service,incident-0014,memory_leak,True,9.266972733333334,heldout_seed,logistic_raw
heldout_seed-505,search-service,incident-0019,database_degradation,True,9.36400185,heldout_seed,logistic_raw
heldout_seed-505,search-service,incident-0020,traffic_overload,True,9.491207233333334,heldout_seed,logistic_raw
heldout_seed-505,search-service,incident-0024,memory_leak,True,9.278810633333334,heldout_seed,logistic_raw
heldout_seed-505,search-service,incident-0030,memory_leak,True,9.392169416666666,heldout_seed,logistic_raw
heldout_seed-505,search-service,incident-0035,traffic_overload,True,9.098320316666667,heldout_seed,logistic_raw
heldout_seed-505,search-service,incident-0038,cpu_saturation,True,9.740589716666667,heldout_seed,logistic_raw
heldout_seed-505,search-service,incident-0042,database_degradation,True,9.429573883333335,heldout_seed,logistic_raw
heldout_seed-505,search-service,incident-0044,traffic_overload,True,9.785191316666667,heldout_seed,logistic_raw
heldout_seed-505,search-service,incident-0049,memory_leak,True,9.354674266666667,heldout_seed,logistic_raw
heldout_seed-505,search-service,incident-0054,database_degradation,True,9.592834283333334,heldout_seed,logistic_raw
heldout_seed-505,search-service,incident-0057,database_degradation,True,9.450323816666666,heldout_seed,logistic_raw
heldout_seed-505,search-service,incident-0063,memory_leak,True,9.276746183333334,heldout_seed,logistic_raw
heldout_seed-505,search-service,incident-0064,memory_leak,True,9.542812316666668,heldout_seed,logistic_raw
heldout_seed-505,search-service,incident-0070,cpu_saturation,True,9.47950135,heldout_seed,logistic_raw
heldout_seed-505,search-service,incident-0072,memory_leak,True,9.280274733333332,heldout_seed,logistic_raw
heldout_seed-505,search-service,incident-0077,database_degradation,True,9.179997083333335,heldout_seed,logistic_raw
heldout_seed-505,search-service,incident-0082,traffic_overload,True,9.922161416666667,heldout_seed,logistic_raw
heldout_seed-505,search-service,incident-0086,traffic_overload,True,9.61747145,heldout_seed,logistic_raw
heldout_seed-505,search-service,incident-0089,traffic_overload,True,9.565313116666665,heldout_seed,logistic_raw
heldout_seed-505,search-service,incident-0095,memory_leak,True,9.251601849999998,heldout_seed,logistic_raw
heldout_seed-505,search-service,incident-0096,traffic_overload,True,9.493928116666666,heldout_seed,logistic_raw
heldout_seed-505,search-service,incident-0101,database_degradation,True,9.210618516666667,heldout_seed,logistic_raw
heldout_seed-505,search-service,incident-0105,cpu_saturation,True,9.975363566666665,heldout_seed,logistic_raw
heldout_seed-505,search-service,incident-0108,cpu_saturation,True,9.345797433333333,heldout_seed,logistic_raw
heldout_seed-505,search-service,incident-0113,database_degradation,True,9.16211425,heldout_seed,logistic_raw
heldout_seed-505,search-service,incident-0118,traffic_overload,True,9.173976549999999,heldout_seed,logistic_raw
heldout_seed-505,search-service,incident-0120,database_degradation,True,9.29586185,heldout_seed,logistic_raw
heldout_seed-505,search-service,incident-0125,cpu_saturation,True,9.693492633333333,heldout_seed,logistic_raw
heldout_seed-404,api-gateway,incident-0000,cpu_saturation,True,9.460925083333333,heldout_seed,logistic_sigmoid
heldout_seed-404,api-gateway,incident-0007,database_degradation,True,9.199331383333334,heldout_seed,logistic_sigmoid
heldout_seed-404,api-gateway,incident-0011,traffic_overload,True,9.685352383333333,heldout_seed,logistic_sigmoid
heldout_seed-404,api-gateway,incident-0013,traffic_overload,True,9.013330016666666,heldout_seed,logistic_sigmoid
heldout_seed-404,api-gateway,incident-0017,traffic_overload,True,9.340419566666666,heldout_seed,logistic_sigmoid
heldout_seed-404,api-gateway,incident-0022,memory_leak,True,9.4282269,heldout_seed,logistic_sigmoid
heldout_seed-404,api-gateway,incident-0027,cpu_saturation,True,9.057023,heldout_seed,logistic_sigmoid
heldout_seed-404,api-gateway,incident-0031,cpu_saturation,True,9.317211183333335,heldout_seed,logistic_sigmoid
heldout_seed-404,api-gateway,incident-0035,memory_leak,True,9.180161233333333,heldout_seed,logistic_sigmoid
heldout_seed-404,api-gateway,incident-0036,cpu_saturation,True,9.434675883333334,heldout_seed,logistic_sigmoid
heldout_seed-404,api-gateway,incident-0041,traffic_overload,True,9.805197816666666,heldout_seed,logistic_sigmoid
heldout_seed-404,api-gateway,incident-0046,database_degradation,True,9.667507233333334,heldout_seed,logistic_sigmoid
heldout_seed-404,api-gateway,incident-0049,cpu_saturation,True,9.706798766666667,heldout_seed,logistic_sigmoid
heldout_seed-404,api-gateway,incident-0053,database_degradation,True,9.763418516666666,heldout_seed,logistic_sigmoid
heldout_seed-404,api-gateway,incident-0058,cpu_saturation,True,9.002711566666667,heldout_seed,logistic_sigmoid
heldout_seed-404,api-gateway,incident-0063,database_degradation,True,9.3406459,heldout_seed,logistic_sigmoid
heldout_seed-404,api-gateway,incident-0066,memory_leak,True,9.513345033333334,heldout_seed,logistic_sigmoid
heldout_seed-404,api-gateway,incident-0068,traffic_overload,True,9.931798350000001,heldout_seed,logistic_sigmoid
heldout_seed-404,api-gateway,incident-0074,database_degradation,True,9.5621634,heldout_seed,logistic_sigmoid
heldout_seed-404,api-gateway,incident-0078,traffic_overload,True,9.640652966666666,heldout_seed,logistic_sigmoid
heldout_seed-404,api-gateway,incident-0081,memory_leak,True,9.111708616666666,heldout_seed,logistic_sigmoid
heldout_seed-404,api-gateway,incident-0087,memory_leak,True,9.909175283333333,heldout_seed,logistic_sigmoid
heldout_seed-404,api-gateway,incident-0088,database_degradation,True,9.211218983333334,heldout_seed,logistic_sigmoid
heldout_seed-404,api-gateway,incident-0094,database_degradation,True,9.2657977,heldout_seed,logistic_sigmoid
heldout_seed-404,api-gateway,incident-0097,memory_leak,True,9.296389916666667,heldout_seed,logistic_sigmoid
heldout_seed-404,api-gateway,incident-0103,cpu_saturation,True,9.399329533333335,heldout_seed,logistic_sigmoid
heldout_seed-404,api-gateway,incident-0107,traffic_overload,True,9.8752233,heldout_seed,logistic_sigmoid
heldout_seed-404,api-gateway,incident-0108,memory_leak,True,9.070592233333334,heldout_seed,logistic_sigmoid
heldout_seed-404,api-gateway,incident-0114,cpu_saturation,True,9.3261135,heldout_seed,logistic_sigmoid
heldout_seed-404,api-gateway,incident-0117,database_degradation,True,9.60164475,heldout_seed,logistic_sigmoid
heldout_seed-404,api-gateway,incident-0120,traffic_overload,True,9.135397833333334,heldout_seed,logistic_sigmoid
heldout_seed-404,api-gateway,incident-0125,memory_leak,True,9.75205045,heldout_seed,logistic_sigmoid
heldout_seed-404,auth-service,incident-0003,memory_leak,True,9.849134283333333,heldout_seed,logistic_sigmoid
heldout_seed-404,auth-service,incident-0006,memory_leak,True,9.2386936,heldout_seed,logistic_sigmoid
heldout_seed-404,auth-service,incident-0010,memory_leak,True,9.730670199999999,heldout_seed,logistic_sigmoid
heldout_seed-404,auth-service,incident-0015,traffic_overload,True,9.022247366666667,heldout_seed,logistic_sigmoid
heldout_seed-404,auth-service,incident-0018,cpu_saturation,True,9.78496515,heldout_seed,logistic_sigmoid
heldout_seed-404,auth-service,incident-0023,cpu_saturation,True,9.289786216666666,heldout_seed,logistic_sigmoid
heldout_seed-404,auth-service,incident-0025,memory_leak,True,9.214271633333334,heldout_seed,logistic_sigmoid
heldout_seed-404,auth-service,incident-0028,traffic_overload,True,9.300584899999999,heldout_seed,logistic_sigmoid
heldout_seed-404,auth-service,incident-0034,cpu_saturation,True,9.697846466666666,heldout_seed,logistic_sigmoid
heldout_seed-404,auth-service,incident-0037,database_degradation,True,9.648384983333333,heldout_seed,logistic_sigmoid
heldout_seed-404,auth-service,incident-0040,cpu_saturation,True,9.113503016666668,heldout_seed,logistic_sigmoid
heldout_seed-404,auth-service,incident-0044,database_degradation,True,9.120690133333333,heldout_seed,logistic_sigmoid
heldout_seed-404,auth-service,incident-0051,database_degradation,True,9.577186316666666,heldout_seed,logistic_sigmoid
heldout_seed-404,auth-service,incident-0055,database_degradation,True,9.0409765,heldout_seed,logistic_sigmoid
heldout_seed-404,auth-service,incident-0059,database_degradation,True,9.944487033333333,heldout_seed,logistic_sigmoid
heldout_seed-404,auth-service,incident-0061,traffic_overload,True,9.762247866666666,heldout_seed,logistic_sigmoid
heldout_seed-404,auth-service,incident-0064,database_degradation,True,9.781007166666665,heldout_seed,logistic_sigmoid
heldout_seed-404,auth-service,incident-0069,traffic_overload,True,9.966669416666667,heldout_seed,logistic_sigmoid
heldout_seed-404,auth-service,incident-0075,database_degradation,True,9.759579566666668,heldout_seed,logistic_sigmoid
heldout_seed-404,auth-service,incident-0077,traffic_overload,True,9.49351225,heldout_seed,logistic_sigmoid
heldout_seed-404,auth-service,incident-0082,cpu_saturation,True,9.536313400000001,heldout_seed,logistic_sigmoid
heldout_seed-404,auth-service,incident-0085,memory_leak,True,9.786743683333333,heldout_seed,logistic_sigmoid
heldout_seed-404,auth-service,incident-0090,traffic_overload,True,9.933271633333334,heldout_seed,logistic_sigmoid
heldout_seed-404,auth-service,incident-0095,memory_leak,True,9.975627716666667,heldout_seed,logistic_sigmoid
heldout_seed-404,auth-service,incident-0096,traffic_overload,True,9.449552899999999,heldout_seed,logistic_sigmoid
heldout_seed-404,auth-service,incident-0100,cpu_saturation,True,9.640446283333334,heldout_seed,logistic_sigmoid
heldout_seed-404,auth-service,incident-0105,traffic_overload,True,9.16049185,heldout_seed,logistic_sigmoid
heldout_seed-404,auth-service,incident-0109,database_degradation,True,9.019054166666667,heldout_seed,logistic_sigmoid
heldout_seed-404,auth-service,incident-0112,cpu_saturation,True,9.749955866666665,heldout_seed,logistic_sigmoid
heldout_seed-404,auth-service,incident-0116,memory_leak,True,9.0385876,heldout_seed,logistic_sigmoid
heldout_seed-404,auth-service,incident-0123,cpu_saturation,True,9.670825650000001,heldout_seed,logistic_sigmoid
heldout_seed-404,auth-service,incident-0127,memory_leak,True,9.119573016666667,heldout_seed,logistic_sigmoid
heldout_seed-404,catalog-service,incident-0002,database_degradation,True,9.328994633333334,heldout_seed,logistic_sigmoid
heldout_seed-404,catalog-service,incident-0005,cpu_saturation,True,9.858172683333333,heldout_seed,logistic_sigmoid
heldout_seed-404,catalog-service,incident-0008,database_degradation,True,9.003546816666667,heldout_seed,logistic_sigmoid
heldout_seed-404,catalog-service,incident-0014,memory_leak,True,9.646399983333334,heldout_seed,logistic_sigmoid
heldout_seed-404,catalog-service,incident-0019,memory_leak,True,9.67071235,heldout_seed,logistic_sigmoid
heldout_seed-404,catalog-service,incident-0021,cpu_saturation,True,9.643217816666667,heldout_seed,logistic_sigmoid
heldout_seed-404,catalog-service,incident-0024,traffic_overload,True,9.3159407,heldout_seed,logistic_sigmoid
heldout_seed-404,catalog-service,incident-0029,traffic_overload,True,9.281759416666667,heldout_seed,logistic_sigmoid
heldout_seed-404,catalog-service,incident-0033,traffic_overload,True,9.406063066666666,heldout_seed,logistic_sigmoid
heldout_seed-404,catalog-service,incident-0039,database_degradation,True,9.266969116666667,heldout_seed,logistic_sigmoid
heldout_seed-404,catalog-service,incident-0043,database_degradation,True,9.07977075,heldout_seed,logistic_sigmoid
heldout_seed-404,catalog-service,incident-0045,traffic_overload,True,9.891168183333333,heldout_seed,logistic_sigmoid
heldout_seed-404,catalog-service,incident-0048,database_degradation,True,9.46291875,heldout_seed,logistic_sigmoid
heldout_seed-404,catalog-service,incident-0052,cpu_saturation,True,9.768729116666666,heldout_seed,logistic_sigmoid
heldout_seed-404,catalog-service,incident-0057,memory_leak,True,9.116458133333333,heldout_seed,logistic_sigmoid
heldout_seed-404,catalog-service,incident-0062,memory_leak,True,9.815530933333333,heldout_seed,logistic_sigmoid
heldout_seed-404,catalog-service,incident-0067,memory_leak,True,9.226672933333333,heldout_seed,logistic_sigmoid
heldout_seed-404,catalog-service,incident-0071,traffic_overload,True,9.155429183333332,heldout_seed,logistic_sigmoid
heldout_seed-404,catalog-service,incident-0073,traffic_overload,True,9.5611693,heldout_seed,logistic_sigmoid
heldout_seed-404,catalog-service,incident-0076,database_degradation,True,9.607833833333332,heldout_seed,logistic_sigmoid
heldout_seed-404,catalog-service,incident-0083,cpu_saturation,True,9.28521145,heldout_seed,logistic_sigmoid
heldout_seed-404,catalog-service,incident-0084,memory_leak,True,9.3037521,heldout_seed,logistic_sigmoid
heldout_seed-404,catalog-service,incident-0089,database_degradation,True,9.6346299,heldout_seed,logistic_sigmoid
heldout_seed-404,catalog-service,incident-0092,memory_leak,True,9.127991633333332,heldout_seed,logistic_sigmoid
heldout_seed-404,catalog-service,incident-0098,cpu_saturation,True,9.03338585,heldout_seed,logistic_sigmoid
heldout_seed-404,catalog-service,incident-0102,traffic_overload,True,9.09881965,heldout_seed,logistic_sigmoid
heldout_seed-404,catalog-service,incident-0104,traffic_overload,True,9.507399633333334,heldout_seed,logistic_sigmoid
heldout_seed-404,catalog-service,incident-0110,memory_leak,True,9.496579800000001,heldout_seed,logistic_sigmoid
heldout_seed-404,catalog-service,incident-0113,cpu_saturation,True,9.475502966666665,heldout_seed,logistic_sigmoid
heldout_seed-404,catalog-service,incident-0119,cpu_saturation,True,9.5821664,heldout_seed,logistic_sigmoid
heldout_seed-404,catalog-service,incident-0122,cpu_saturation,True,9.25527295,heldout_seed,logistic_sigmoid
heldout_seed-404,catalog-service,incident-0126,database_degradation,True,9.0210744,heldout_seed,logistic_sigmoid
heldout_seed-404,search-service,incident-0001,database_degradation,True,9.287503033333333,heldout_seed,logistic_sigmoid
heldout_seed-404,search-service,incident-0004,traffic_overload,True,9.01429715,heldout_seed,logistic_sigmoid
heldout_seed-404,search-service,incident-0009,memory_leak,True,9.072541316666667,heldout_seed,logistic_sigmoid
heldout_seed-404,search-service,incident-0012,memory_leak,True,9.59275065,heldout_seed,logistic_sigmoid
heldout_seed-404,search-service,incident-0016,database_degradation,True,9.7105262,heldout_seed,logistic_sigmoid
heldout_seed-404,search-service,incident-0020,cpu_saturation,True,9.885584066666667,heldout_seed,logistic_sigmoid
heldout_seed-404,search-service,incident-0026,cpu_saturation,True,9.111531616666667,heldout_seed,logistic_sigmoid
heldout_seed-404,search-service,incident-0030,memory_leak,True,9.053872233333333,heldout_seed,logistic_sigmoid
heldout_seed-404,search-service,incident-0032,database_degradation,True,9.866579283333333,heldout_seed,logistic_sigmoid
heldout_seed-404,search-service,incident-0038,database_degradation,True,9.620205833333333,heldout_seed,logistic_sigmoid
heldout_seed-404,search-service,incident-0042,traffic_overload,True,9.326609516666668,heldout_seed,logistic_sigmoid
heldout_seed-404,search-service,incident-0047,memory_leak,True,9.483452366666667,heldout_seed,logistic_sigmoid
heldout_seed-404,search-service,incident-0050,database_degradation,True,9.679437633333333,heldout_seed,logistic_sigmoid
heldout_seed-404,search-service,incident-0054,memory_leak,True,9.822036950000001,heldout_seed,logistic_sigmoid
heldout_seed-404,search-service,incident-0056,database_degradation,True,9.554428466666668,heldout_seed,logistic_sigmoid
heldout_seed-404,search-service,incident-0060,traffic_overload,True,9.343915633333333,heldout_seed,logistic_sigmoid
heldout_seed-404,search-service,incident-0065,traffic_overload,True,9.479923583333335,heldout_seed,logistic_sigmoid
heldout_seed-404,search-service,incident-0070,cpu_saturation,True,9.555012549999999,heldout_seed,logistic_sigmoid
heldout_seed-404,search-service,incident-0072,database_degradation,True,9.770456983333334,heldout_seed,logistic_sigmoid
heldout_seed-404,search-service,incident-0079,memory_leak,True,9.332182399999999,heldout_seed,logistic_sigmoid
heldout_seed-404,search-service,incident-0080,traffic_overload,True,9.804439,heldout_seed,logistic_sigmoid
heldout_seed-404,search-service,incident-0086,cpu_saturation,True,9.177749816666667,heldout_seed,logistic_sigmoid
heldout_seed-404,search-service,incident-0091,database_degradation,True,9.311892366666665,heldout_seed,logistic_sigmoid
heldout_seed-404,search-service,incident-0093,memory_leak,True,9.760802533333333,heldout_seed,logistic_sigmoid
heldout_seed-404,search-service,incident-0099,traffic_overload,True,9.970692216666666,heldout_seed,logistic_sigmoid
heldout_seed-404,search-service,incident-0101,traffic_overload,True,9.596305783333333,heldout_seed,logistic_sigmoid
heldout_seed-404,search-service,incident-0106,memory_leak,True,9.271683266666667,heldout_seed,logistic_sigmoid
heldout_seed-404,search-service,incident-0111,cpu_saturation,True,9.363270733333334,heldout_seed,logistic_sigmoid
heldout_seed-404,search-service,incident-0115,traffic_overload,True,9.028163666666668,heldout_seed,logistic_sigmoid
heldout_seed-404,search-service,incident-0118,cpu_saturation,True,9.070719883333334,heldout_seed,logistic_sigmoid
heldout_seed-404,search-service,incident-0121,cpu_saturation,True,9.837887733333334,heldout_seed,logistic_sigmoid
heldout_seed-404,search-service,incident-0124,cpu_saturation,True,9.003564116666666,heldout_seed,logistic_sigmoid
heldout_seed-505,api-gateway,incident-0001,traffic_overload,True,9.068862016666666,heldout_seed,logistic_sigmoid
heldout_seed-505,api-gateway,incident-0005,traffic_overload,True,9.214797033333333,heldout_seed,logistic_sigmoid
heldout_seed-505,api-gateway,incident-0009,cpu_saturation,True,9.948068783333333,heldout_seed,logistic_sigmoid
heldout_seed-505,api-gateway,incident-0012,memory_leak,True,9.309836516666667,heldout_seed,logistic_sigmoid
heldout_seed-505,api-gateway,incident-0016,database_degradation,True,9.744719483333334,heldout_seed,logistic_sigmoid
heldout_seed-505,api-gateway,incident-0022,memory_leak,True,9.953017633333333,heldout_seed,logistic_sigmoid
heldout_seed-505,api-gateway,incident-0025,cpu_saturation,True,9.3744113,heldout_seed,logistic_sigmoid
heldout_seed-505,api-gateway,incident-0029,memory_leak,True,9.937288566666666,heldout_seed,logistic_sigmoid
heldout_seed-505,api-gateway,incident-0032,memory_leak,True,9.898275466666666,heldout_seed,logistic_sigmoid
heldout_seed-505,api-gateway,incident-0039,memory_leak,True,9.1930289,heldout_seed,logistic_sigmoid
heldout_seed-505,api-gateway,incident-0040,database_degradation,True,9.369307533333334,heldout_seed,logistic_sigmoid
heldout_seed-505,api-gateway,incident-0045,database_degradation,True,9.48772795,heldout_seed,logistic_sigmoid
heldout_seed-505,api-gateway,incident-0050,traffic_overload,True,9.934024816666666,heldout_seed,logistic_sigmoid
heldout_seed-505,api-gateway,incident-0055,cpu_saturation,True,9.6463676,heldout_seed,logistic_sigmoid
heldout_seed-505,api-gateway,incident-0058,traffic_overload,True,9.5885114,heldout_seed,logistic_sigmoid
heldout_seed-505,api-gateway,incident-0062,database_degradation,True,9.174682566666666,heldout_seed,logistic_sigmoid
heldout_seed-505,api-gateway,incident-0065,cpu_saturation,True,9.034441316666666,heldout_seed,logistic_sigmoid
heldout_seed-505,api-gateway,incident-0071,traffic_overload,True,9.880912833333333,heldout_seed,logistic_sigmoid
heldout_seed-505,api-gateway,incident-0075,cpu_saturation,True,9.140856166666667,heldout_seed,logistic_sigmoid
heldout_seed-505,api-gateway,incident-0076,cpu_saturation,True,9.252828683333332,heldout_seed,logistic_sigmoid
heldout_seed-505,api-gateway,incident-0080,traffic_overload,True,9.84886375,heldout_seed,logistic_sigmoid
heldout_seed-505,api-gateway,incident-0084,database_degradation,True,9.541936566666667,heldout_seed,logistic_sigmoid
heldout_seed-505,api-gateway,incident-0088,cpu_saturation,True,9.208972866666667,heldout_seed,logistic_sigmoid
heldout_seed-505,api-gateway,incident-0094,database_degradation,True,9.8904636,heldout_seed,logistic_sigmoid
heldout_seed-505,api-gateway,incident-0098,database_degradation,True,9.846467966666667,heldout_seed,logistic_sigmoid
heldout_seed-505,api-gateway,incident-0102,memory_leak,True,9.26053225,heldout_seed,logistic_sigmoid
heldout_seed-505,api-gateway,incident-0107,memory_leak,True,9.460544283333332,heldout_seed,logistic_sigmoid
heldout_seed-505,api-gateway,incident-0110,database_degradation,True,9.276692933333333,heldout_seed,logistic_sigmoid
heldout_seed-505,api-gateway,incident-0112,cpu_saturation,True,9.168271166666667,heldout_seed,logistic_sigmoid
heldout_seed-505,api-gateway,incident-0119,traffic_overload,True,9.176594066666667,heldout_seed,logistic_sigmoid
heldout_seed-505,api-gateway,incident-0121,memory_leak,True,9.477449816666667,heldout_seed,logistic_sigmoid
heldout_seed-505,api-gateway,incident-0126,traffic_overload,True,9.267694133333332,heldout_seed,logistic_sigmoid
heldout_seed-505,auth-service,incident-0000,database_degradation,True,9.521557216666668,heldout_seed,logistic_sigmoid
heldout_seed-505,auth-service,incident-0004,database_degradation,True,9.854583733333333,heldout_seed,logistic_sigmoid
heldout_seed-505,auth-service,incident-0010,cpu_saturation,True,9.578908049999999,heldout_seed,logistic_sigmoid
heldout_seed-505,auth-service,incident-0013,memory_leak,True,9.465114833333333,heldout_seed,logistic_sigmoid
heldout_seed-505,auth-service,incident-0017,database_degradation,True,9.44822255,heldout_seed,logistic_sigmoid
heldout_seed-505,auth-service,incident-0021,cpu_saturation,True,9.046080983333333,heldout_seed,logistic_sigmoid
heldout_seed-505,auth-service,incident-0026,database_degradation,True,9.701557016666667,heldout_seed,logistic_sigmoid
heldout_seed-505,auth-service,incident-0031,memory_leak,True,9.75561935,heldout_seed,logistic_sigmoid
heldout_seed-505,auth-service,incident-0033,database_degradation,True,9.423770766666667,heldout_seed,logistic_sigmoid
heldout_seed-505,auth-service,incident-0036,database_degradation,True,9.778823116666667,heldout_seed,logistic_sigmoid
heldout_seed-505,auth-service,incident-0041,traffic_overload,True,9.323099616666667,heldout_seed,logistic_sigmoid
heldout_seed-505,auth-service,incident-0046,memory_leak,True,9.963829066666667,heldout_seed,logistic_sigmoid
heldout_seed-505,auth-service,incident-0048,memory_leak,True,9.432182066666666,heldout_seed,logistic_sigmoid
heldout_seed-505,auth-service,incident-0052,traffic_overload,True,9.826479116666667,heldout_seed,logistic_sigmoid
heldout_seed-505,auth-service,incident-0059,traffic_overload,True,9.992339916666667,heldout_seed,logistic_sigmoid
heldout_seed-505,auth-service,incident-0061,traffic_overload,True,9.4487963,heldout_seed,logistic_sigmoid
heldout_seed-505,auth-service,incident-0067,traffic_overload,True,9.631951983333332,heldout_seed,logistic_sigmoid
heldout_seed-505,auth-service,incident-0069,memory_leak,True,9.9108491,heldout_seed,logistic_sigmoid
heldout_seed-505,auth-service,incident-0074,cpu_saturation,True,9.677903416666668,heldout_seed,logistic_sigmoid
heldout_seed-505,auth-service,incident-0078,database_degradation,True,9.721133583333334,heldout_seed,logistic_sigmoid
heldout_seed-505,auth-service,incident-0083,cpu_saturation,True,9.327408266666668,heldout_seed,logistic_sigmoid
heldout_seed-505,auth-service,incident-0085,memory_leak,True,9.549828566666667,heldout_seed,logistic_sigmoid
heldout_seed-505,auth-service,incident-0091,cpu_saturation,True,9.451336983333334,heldout_seed,logistic_sigmoid
heldout_seed-505,auth-service,incident-0092,memory_leak,True,9.087653783333334,heldout_seed,logistic_sigmoid
heldout_seed-505,auth-service,incident-0099,cpu_saturation,True,9.630761116666667,heldout_seed,logistic_sigmoid
heldout_seed-505,auth-service,incident-0100,traffic_overload,True,9.843885683333333,heldout_seed,logistic_sigmoid
heldout_seed-505,auth-service,incident-0104,cpu_saturation,True,9.79878035,heldout_seed,logistic_sigmoid
heldout_seed-505,auth-service,incident-0111,traffic_overload,True,9.33938945,heldout_seed,logistic_sigmoid
heldout_seed-505,auth-service,incident-0115,database_degradation,True,9.08807145,heldout_seed,logistic_sigmoid
heldout_seed-505,auth-service,incident-0117,cpu_saturation,True,9.8710766,heldout_seed,logistic_sigmoid
heldout_seed-505,auth-service,incident-0122,memory_leak,True,9.04626025,heldout_seed,logistic_sigmoid
heldout_seed-505,auth-service,incident-0127,traffic_overload,True,9.146797333333334,heldout_seed,logistic_sigmoid
heldout_seed-505,catalog-service,incident-0003,traffic_overload,True,9.68484265,heldout_seed,logistic_sigmoid
heldout_seed-505,catalog-service,incident-0007,memory_leak,True,9.246427316666665,heldout_seed,logistic_sigmoid
heldout_seed-505,catalog-service,incident-0008,database_degradation,True,9.463927383333333,heldout_seed,logistic_sigmoid
heldout_seed-505,catalog-service,incident-0015,database_degradation,True,9.48741275,heldout_seed,logistic_sigmoid
heldout_seed-505,catalog-service,incident-0018,memory_leak,True,9.538429716666666,heldout_seed,logistic_sigmoid
heldout_seed-505,catalog-service,incident-0023,cpu_saturation,True,9.310929533333333,heldout_seed,logistic_sigmoid
heldout_seed-505,catalog-service,incident-0027,cpu_saturation,True,9.52056475,heldout_seed,logistic_sigmoid
heldout_seed-505,catalog-service,incident-0028,database_degradation,True,9.296759816666668,heldout_seed,logistic_sigmoid
heldout_seed-505,catalog-service,incident-0034,memory_leak,True,9.184318033333334,heldout_seed,logistic_sigmoid
heldout_seed-505,catalog-service,incident-0037,database_degradation,True,9.930061616666668,heldout_seed,logistic_sigmoid
heldout_seed-505,catalog-service,incident-0043,cpu_saturation,True,9.173306550000001,heldout_seed,logistic_sigmoid
heldout_seed-505,catalog-service,incident-0047,cpu_saturation,True,9.22633375,heldout_seed,logistic_sigmoid
heldout_seed-505,catalog-service,incident-0051,database_degradation,True,9.0103609,heldout_seed,logistic_sigmoid
heldout_seed-505,catalog-service,incident-0053,traffic_overload,True,9.18578345,heldout_seed,logistic_sigmoid
heldout_seed-505,catalog-service,incident-0056,traffic_overload,True,9.604178033333334,heldout_seed,logistic_sigmoid
heldout_seed-505,catalog-service,incident-0060,traffic_overload,True,9.376474316666666,heldout_seed,logistic_sigmoid
heldout_seed-505,catalog-service,incident-0066,memory_leak,True,9.3875114,heldout_seed,logistic_sigmoid
heldout_seed-505,catalog-service,incident-0068,database_degradation,True,9.839035066666666,heldout_seed,logistic_sigmoid
heldout_seed-505,catalog-service,incident-0073,memory_leak,True,9.058854666666667,heldout_seed,logistic_sigmoid
heldout_seed-505,catalog-service,incident-0079,traffic_overload,True,9.992995400000002,heldout_seed,logistic_sigmoid
heldout_seed-505,catalog-service,incident-0081,memory_leak,True,9.6951698,heldout_seed,logistic_sigmoid
heldout_seed-505,catalog-service,incident-0087,cpu_saturation,True,9.1410345,heldout_seed,logistic_sigmoid
heldout_seed-505,catalog-service,incident-0090,memory_leak,True,9.677704400000001,heldout_seed,logistic_sigmoid
heldout_seed-505,catalog-service,incident-0093,traffic_overload,True,9.915243766666666,heldout_seed,logistic_sigmoid
heldout_seed-505,catalog-service,incident-0097,traffic_overload,True,9.31918865,heldout_seed,logistic_sigmoid
heldout_seed-505,catalog-service,incident-0103,cpu_saturation,True,9.857623416666666,heldout_seed,logistic_sigmoid
heldout_seed-505,catalog-service,incident-0106,memory_leak,True,9.1271786,heldout_seed,logistic_sigmoid
heldout_seed-505,catalog-service,incident-0109,cpu_saturation,True,9.961136183333334,heldout_seed,logistic_sigmoid
heldout_seed-505,catalog-service,incident-0114,traffic_overload,True,9.18270565,heldout_seed,logistic_sigmoid
heldout_seed-505,catalog-service,incident-0116,database_degradation,True,9.331873316666668,heldout_seed,logistic_sigmoid
heldout_seed-505,catalog-service,incident-0123,cpu_saturation,True,9.671673033333333,heldout_seed,logistic_sigmoid
heldout_seed-505,catalog-service,incident-0124,database_degradation,True,9.967188850000001,heldout_seed,logistic_sigmoid
heldout_seed-505,search-service,incident-0002,cpu_saturation,True,9.13988805,heldout_seed,logistic_sigmoid
heldout_seed-505,search-service,incident-0006,cpu_saturation,True,9.970902383333334,heldout_seed,logistic_sigmoid
heldout_seed-505,search-service,incident-0011,cpu_saturation,True,9.677330466666666,heldout_seed,logistic_sigmoid
heldout_seed-505,search-service,incident-0014,memory_leak,True,9.266972733333334,heldout_seed,logistic_sigmoid
heldout_seed-505,search-service,incident-0019,database_degradation,True,9.36400185,heldout_seed,logistic_sigmoid
heldout_seed-505,search-service,incident-0020,traffic_overload,True,9.491207233333334,heldout_seed,logistic_sigmoid
heldout_seed-505,search-service,incident-0024,memory_leak,True,9.278810633333334,heldout_seed,logistic_sigmoid
heldout_seed-505,search-service,incident-0030,memory_leak,True,9.392169416666666,heldout_seed,logistic_sigmoid
heldout_seed-505,search-service,incident-0035,traffic_overload,True,9.098320316666667,heldout_seed,logistic_sigmoid
heldout_seed-505,search-service,incident-0038,cpu_saturation,True,9.740589716666667,heldout_seed,logistic_sigmoid
heldout_seed-505,search-service,incident-0042,database_degradation,True,9.429573883333335,heldout_seed,logistic_sigmoid
heldout_seed-505,search-service,incident-0044,traffic_overload,True,9.785191316666667,heldout_seed,logistic_sigmoid
heldout_seed-505,search-service,incident-0049,memory_leak,True,9.354674266666667,heldout_seed,logistic_sigmoid
heldout_seed-505,search-service,incident-0054,database_degradation,True,9.592834283333334,heldout_seed,logistic_sigmoid
heldout_seed-505,search-service,incident-0057,database_degradation,True,9.450323816666666,heldout_seed,logistic_sigmoid
heldout_seed-505,search-service,incident-0063,memory_leak,True,9.276746183333334,heldout_seed,logistic_sigmoid
heldout_seed-505,search-service,incident-0064,memory_leak,True,9.542812316666668,heldout_seed,logistic_sigmoid
heldout_seed-505,search-service,incident-0070,cpu_saturation,True,9.47950135,heldout_seed,logistic_sigmoid
heldout_seed-505,search-service,incident-0072,memory_leak,True,9.280274733333332,heldout_seed,logistic_sigmoid
heldout_seed-505,search-service,incident-0077,database_degradation,True,9.179997083333335,heldout_seed,logistic_sigmoid
heldout_seed-505,search-service,incident-0082,traffic_overload,True,9.922161416666667,heldout_seed,logistic_sigmoid
heldout_seed-505,search-service,incident-0086,traffic_overload,True,9.61747145,heldout_seed,logistic_sigmoid
heldout_seed-505,search-service,incident-0089,traffic_overload,True,9.565313116666665,heldout_seed,logistic_sigmoid
heldout_seed-505,search-service,incident-0095,memory_leak,True,9.251601849999998,heldout_seed,logistic_sigmoid
heldout_seed-505,search-service,incident-0096,traffic_overload,True,9.493928116666666,heldout_seed,logistic_sigmoid
heldout_seed-505,search-service,incident-0101,database_degradation,True,9.210618516666667,heldout_seed,logistic_sigmoid
heldout_seed-505,search-service,incident-0105,cpu_saturation,True,9.975363566666665,heldout_seed,logistic_sigmoid
heldout_seed-505,search-service,incident-0108,cpu_saturation,True,9.345797433333333,heldout_seed,logistic_sigmoid
heldout_seed-505,search-service,incident-0113,database_degradation,True,9.16211425,heldout_seed,logistic_sigmoid
heldout_seed-505,search-service,incident-0118,traffic_overload,True,9.173976549999999,heldout_seed,logistic_sigmoid
heldout_seed-505,search-service,incident-0120,database_degradation,True,9.29586185,heldout_seed,logistic_sigmoid
heldout_seed-505,search-service,incident-0125,cpu_saturation,True,9.693492633333333,heldout_seed,logistic_sigmoid
heldout_seed-404,api-gateway,incident-0000,cpu_saturation,True,9.460925083333333,heldout_seed,prevalence_raw
heldout_seed-404,api-gateway,incident-0007,database_degradation,True,9.199331383333334,heldout_seed,prevalence_raw
heldout_seed-404,api-gateway,incident-0011,traffic_overload,True,9.685352383333333,heldout_seed,prevalence_raw
heldout_seed-404,api-gateway,incident-0013,traffic_overload,True,9.013330016666666,heldout_seed,prevalence_raw
heldout_seed-404,api-gateway,incident-0017,traffic_overload,True,9.340419566666666,heldout_seed,prevalence_raw
heldout_seed-404,api-gateway,incident-0022,memory_leak,True,9.4282269,heldout_seed,prevalence_raw
heldout_seed-404,api-gateway,incident-0027,cpu_saturation,True,9.057023,heldout_seed,prevalence_raw
heldout_seed-404,api-gateway,incident-0031,cpu_saturation,True,9.317211183333335,heldout_seed,prevalence_raw
heldout_seed-404,api-gateway,incident-0035,memory_leak,True,9.180161233333333,heldout_seed,prevalence_raw
heldout_seed-404,api-gateway,incident-0036,cpu_saturation,True,9.434675883333334,heldout_seed,prevalence_raw
heldout_seed-404,api-gateway,incident-0041,traffic_overload,True,9.805197816666666,heldout_seed,prevalence_raw
heldout_seed-404,api-gateway,incident-0046,database_degradation,True,9.667507233333334,heldout_seed,prevalence_raw
heldout_seed-404,api-gateway,incident-0049,cpu_saturation,True,9.706798766666667,heldout_seed,prevalence_raw
heldout_seed-404,api-gateway,incident-0053,database_degradation,True,9.763418516666666,heldout_seed,prevalence_raw
heldout_seed-404,api-gateway,incident-0058,cpu_saturation,True,9.002711566666667,heldout_seed,prevalence_raw
heldout_seed-404,api-gateway,incident-0063,database_degradation,True,9.3406459,heldout_seed,prevalence_raw
heldout_seed-404,api-gateway,incident-0066,memory_leak,True,9.513345033333334,heldout_seed,prevalence_raw
heldout_seed-404,api-gateway,incident-0068,traffic_overload,True,9.931798350000001,heldout_seed,prevalence_raw
heldout_seed-404,api-gateway,incident-0074,database_degradation,True,9.5621634,heldout_seed,prevalence_raw
heldout_seed-404,api-gateway,incident-0078,traffic_overload,True,9.640652966666666,heldout_seed,prevalence_raw
heldout_seed-404,api-gateway,incident-0081,memory_leak,True,9.111708616666666,heldout_seed,prevalence_raw
heldout_seed-404,api-gateway,incident-0087,memory_leak,True,9.909175283333333,heldout_seed,prevalence_raw
heldout_seed-404,api-gateway,incident-0088,database_degradation,True,9.211218983333334,heldout_seed,prevalence_raw
heldout_seed-404,api-gateway,incident-0094,database_degradation,True,9.2657977,heldout_seed,prevalence_raw
heldout_seed-404,api-gateway,incident-0097,memory_leak,True,9.296389916666667,heldout_seed,prevalence_raw
heldout_seed-404,api-gateway,incident-0103,cpu_saturation,True,9.399329533333335,heldout_seed,prevalence_raw
heldout_seed-404,api-gateway,incident-0107,traffic_overload,True,9.8752233,heldout_seed,prevalence_raw
heldout_seed-404,api-gateway,incident-0108,memory_leak,True,9.070592233333334,heldout_seed,prevalence_raw
heldout_seed-404,api-gateway,incident-0114,cpu_saturation,True,9.3261135,heldout_seed,prevalence_raw
heldout_seed-404,api-gateway,incident-0117,database_degradation,True,9.60164475,heldout_seed,prevalence_raw
heldout_seed-404,api-gateway,incident-0120,traffic_overload,True,9.135397833333334,heldout_seed,prevalence_raw
heldout_seed-404,api-gateway,incident-0125,memory_leak,True,9.75205045,heldout_seed,prevalence_raw
heldout_seed-404,auth-service,incident-0003,memory_leak,True,9.849134283333333,heldout_seed,prevalence_raw
heldout_seed-404,auth-service,incident-0006,memory_leak,True,9.2386936,heldout_seed,prevalence_raw
heldout_seed-404,auth-service,incident-0010,memory_leak,True,9.730670199999999,heldout_seed,prevalence_raw
heldout_seed-404,auth-service,incident-0015,traffic_overload,True,9.022247366666667,heldout_seed,prevalence_raw
heldout_seed-404,auth-service,incident-0018,cpu_saturation,True,9.78496515,heldout_seed,prevalence_raw
heldout_seed-404,auth-service,incident-0023,cpu_saturation,True,9.289786216666666,heldout_seed,prevalence_raw
heldout_seed-404,auth-service,incident-0025,memory_leak,True,9.214271633333334,heldout_seed,prevalence_raw
heldout_seed-404,auth-service,incident-0028,traffic_overload,True,9.300584899999999,heldout_seed,prevalence_raw
heldout_seed-404,auth-service,incident-0034,cpu_saturation,True,9.697846466666666,heldout_seed,prevalence_raw
heldout_seed-404,auth-service,incident-0037,database_degradation,True,9.648384983333333,heldout_seed,prevalence_raw
heldout_seed-404,auth-service,incident-0040,cpu_saturation,True,9.113503016666668,heldout_seed,prevalence_raw
heldout_seed-404,auth-service,incident-0044,database_degradation,True,9.120690133333333,heldout_seed,prevalence_raw
heldout_seed-404,auth-service,incident-0051,database_degradation,True,9.577186316666666,heldout_seed,prevalence_raw
heldout_seed-404,auth-service,incident-0055,database_degradation,True,9.0409765,heldout_seed,prevalence_raw
heldout_seed-404,auth-service,incident-0059,database_degradation,True,9.944487033333333,heldout_seed,prevalence_raw
heldout_seed-404,auth-service,incident-0061,traffic_overload,True,9.762247866666666,heldout_seed,prevalence_raw
heldout_seed-404,auth-service,incident-0064,database_degradation,True,9.781007166666665,heldout_seed,prevalence_raw
heldout_seed-404,auth-service,incident-0069,traffic_overload,True,9.966669416666667,heldout_seed,prevalence_raw
heldout_seed-404,auth-service,incident-0075,database_degradation,True,9.759579566666668,heldout_seed,prevalence_raw
heldout_seed-404,auth-service,incident-0077,traffic_overload,True,9.49351225,heldout_seed,prevalence_raw
heldout_seed-404,auth-service,incident-0082,cpu_saturation,True,9.536313400000001,heldout_seed,prevalence_raw
heldout_seed-404,auth-service,incident-0085,memory_leak,True,9.786743683333333,heldout_seed,prevalence_raw
heldout_seed-404,auth-service,incident-0090,traffic_overload,True,9.933271633333334,heldout_seed,prevalence_raw
heldout_seed-404,auth-service,incident-0095,memory_leak,True,9.975627716666667,heldout_seed,prevalence_raw
heldout_seed-404,auth-service,incident-0096,traffic_overload,True,9.449552899999999,heldout_seed,prevalence_raw
heldout_seed-404,auth-service,incident-0100,cpu_saturation,True,9.640446283333334,heldout_seed,prevalence_raw
heldout_seed-404,auth-service,incident-0105,traffic_overload,True,9.16049185,heldout_seed,prevalence_raw
heldout_seed-404,auth-service,incident-0109,database_degradation,True,9.019054166666667,heldout_seed,prevalence_raw
heldout_seed-404,auth-service,incident-0112,cpu_saturation,True,9.749955866666665,heldout_seed,prevalence_raw
heldout_seed-404,auth-service,incident-0116,memory_leak,True,9.0385876,heldout_seed,prevalence_raw
heldout_seed-404,auth-service,incident-0123,cpu_saturation,True,9.670825650000001,heldout_seed,prevalence_raw
heldout_seed-404,auth-service,incident-0127,memory_leak,True,9.119573016666667,heldout_seed,prevalence_raw
heldout_seed-404,catalog-service,incident-0002,database_degradation,True,9.328994633333334,heldout_seed,prevalence_raw
heldout_seed-404,catalog-service,incident-0005,cpu_saturation,True,9.858172683333333,heldout_seed,prevalence_raw
heldout_seed-404,catalog-service,incident-0008,database_degradation,True,9.003546816666667,heldout_seed,prevalence_raw
heldout_seed-404,catalog-service,incident-0014,memory_leak,True,9.646399983333334,heldout_seed,prevalence_raw
heldout_seed-404,catalog-service,incident-0019,memory_leak,True,9.67071235,heldout_seed,prevalence_raw
heldout_seed-404,catalog-service,incident-0021,cpu_saturation,True,9.643217816666667,heldout_seed,prevalence_raw
heldout_seed-404,catalog-service,incident-0024,traffic_overload,True,9.3159407,heldout_seed,prevalence_raw
heldout_seed-404,catalog-service,incident-0029,traffic_overload,True,9.281759416666667,heldout_seed,prevalence_raw
heldout_seed-404,catalog-service,incident-0033,traffic_overload,True,9.406063066666666,heldout_seed,prevalence_raw
heldout_seed-404,catalog-service,incident-0039,database_degradation,True,9.266969116666667,heldout_seed,prevalence_raw
heldout_seed-404,catalog-service,incident-0043,database_degradation,True,9.07977075,heldout_seed,prevalence_raw
heldout_seed-404,catalog-service,incident-0045,traffic_overload,True,9.891168183333333,heldout_seed,prevalence_raw
heldout_seed-404,catalog-service,incident-0048,database_degradation,True,9.46291875,heldout_seed,prevalence_raw
heldout_seed-404,catalog-service,incident-0052,cpu_saturation,True,9.768729116666666,heldout_seed,prevalence_raw
heldout_seed-404,catalog-service,incident-0057,memory_leak,True,9.116458133333333,heldout_seed,prevalence_raw
heldout_seed-404,catalog-service,incident-0062,memory_leak,True,9.815530933333333,heldout_seed,prevalence_raw
heldout_seed-404,catalog-service,incident-0067,memory_leak,True,9.226672933333333,heldout_seed,prevalence_raw
heldout_seed-404,catalog-service,incident-0071,traffic_overload,True,9.155429183333332,heldout_seed,prevalence_raw
heldout_seed-404,catalog-service,incident-0073,traffic_overload,True,9.5611693,heldout_seed,prevalence_raw
heldout_seed-404,catalog-service,incident-0076,database_degradation,True,9.607833833333332,heldout_seed,prevalence_raw
heldout_seed-404,catalog-service,incident-0083,cpu_saturation,True,9.28521145,heldout_seed,prevalence_raw
heldout_seed-404,catalog-service,incident-0084,memory_leak,True,9.3037521,heldout_seed,prevalence_raw
heldout_seed-404,catalog-service,incident-0089,database_degradation,True,9.6346299,heldout_seed,prevalence_raw
heldout_seed-404,catalog-service,incident-0092,memory_leak,True,9.127991633333332,heldout_seed,prevalence_raw
heldout_seed-404,catalog-service,incident-0098,cpu_saturation,True,9.03338585,heldout_seed,prevalence_raw
heldout_seed-404,catalog-service,incident-0102,traffic_overload,True,9.09881965,heldout_seed,prevalence_raw
heldout_seed-404,catalog-service,incident-0104,traffic_overload,True,9.507399633333334,heldout_seed,prevalence_raw
heldout_seed-404,catalog-service,incident-0110,memory_leak,True,9.496579800000001,heldout_seed,prevalence_raw
heldout_seed-404,catalog-service,incident-0113,cpu_saturation,True,9.475502966666665,heldout_seed,prevalence_raw
heldout_seed-404,catalog-service,incident-0119,cpu_saturation,True,9.5821664,heldout_seed,prevalence_raw
heldout_seed-404,catalog-service,incident-0122,cpu_saturation,True,9.25527295,heldout_seed,prevalence_raw
heldout_seed-404,catalog-service,incident-0126,database_degradation,True,9.0210744,heldout_seed,prevalence_raw
heldout_seed-404,search-service,incident-0001,database_degradation,True,9.287503033333333,heldout_seed,prevalence_raw
heldout_seed-404,search-service,incident-0004,traffic_overload,True,9.01429715,heldout_seed,prevalence_raw
heldout_seed-404,search-service,incident-0009,memory_leak,True,9.072541316666667,heldout_seed,prevalence_raw
heldout_seed-404,search-service,incident-0012,memory_leak,True,9.59275065,heldout_seed,prevalence_raw
heldout_seed-404,search-service,incident-0016,database_degradation,True,9.7105262,heldout_seed,prevalence_raw
heldout_seed-404,search-service,incident-0020,cpu_saturation,True,9.885584066666667,heldout_seed,prevalence_raw
heldout_seed-404,search-service,incident-0026,cpu_saturation,True,9.111531616666667,heldout_seed,prevalence_raw
heldout_seed-404,search-service,incident-0030,memory_leak,True,9.053872233333333,heldout_seed,prevalence_raw
heldout_seed-404,search-service,incident-0032,database_degradation,True,9.866579283333333,heldout_seed,prevalence_raw
heldout_seed-404,search-service,incident-0038,database_degradation,True,9.620205833333333,heldout_seed,prevalence_raw
heldout_seed-404,search-service,incident-0042,traffic_overload,True,9.326609516666668,heldout_seed,prevalence_raw
heldout_seed-404,search-service,incident-0047,memory_leak,True,9.483452366666667,heldout_seed,prevalence_raw
heldout_seed-404,search-service,incident-0050,database_degradation,True,9.679437633333333,heldout_seed,prevalence_raw
heldout_seed-404,search-service,incident-0054,memory_leak,True,9.822036950000001,heldout_seed,prevalence_raw
heldout_seed-404,search-service,incident-0056,database_degradation,True,9.554428466666668,heldout_seed,prevalence_raw
heldout_seed-404,search-service,incident-0060,traffic_overload,True,9.343915633333333,heldout_seed,prevalence_raw
heldout_seed-404,search-service,incident-0065,traffic_overload,True,9.479923583333335,heldout_seed,prevalence_raw
heldout_seed-404,search-service,incident-0070,cpu_saturation,True,9.555012549999999,heldout_seed,prevalence_raw
heldout_seed-404,search-service,incident-0072,database_degradation,True,9.770456983333334,heldout_seed,prevalence_raw
heldout_seed-404,search-service,incident-0079,memory_leak,True,9.332182399999999,heldout_seed,prevalence_raw
heldout_seed-404,search-service,incident-0080,traffic_overload,True,9.804439,heldout_seed,prevalence_raw
heldout_seed-404,search-service,incident-0086,cpu_saturation,True,9.177749816666667,heldout_seed,prevalence_raw
heldout_seed-404,search-service,incident-0091,database_degradation,True,9.311892366666665,heldout_seed,prevalence_raw
heldout_seed-404,search-service,incident-0093,memory_leak,True,9.760802533333333,heldout_seed,prevalence_raw
heldout_seed-404,search-service,incident-0099,traffic_overload,True,9.970692216666666,heldout_seed,prevalence_raw
heldout_seed-404,search-service,incident-0101,traffic_overload,True,9.596305783333333,heldout_seed,prevalence_raw
heldout_seed-404,search-service,incident-0106,memory_leak,True,9.271683266666667,heldout_seed,prevalence_raw
heldout_seed-404,search-service,incident-0111,cpu_saturation,True,9.363270733333334,heldout_seed,prevalence_raw
heldout_seed-404,search-service,incident-0115,traffic_overload,True,9.028163666666668,heldout_seed,prevalence_raw
heldout_seed-404,search-service,incident-0118,cpu_saturation,True,9.070719883333334,heldout_seed,prevalence_raw
heldout_seed-404,search-service,incident-0121,cpu_saturation,True,9.837887733333334,heldout_seed,prevalence_raw
heldout_seed-404,search-service,incident-0124,cpu_saturation,True,9.003564116666666,heldout_seed,prevalence_raw
heldout_seed-505,api-gateway,incident-0001,traffic_overload,True,9.068862016666666,heldout_seed,prevalence_raw
heldout_seed-505,api-gateway,incident-0005,traffic_overload,True,9.214797033333333,heldout_seed,prevalence_raw
heldout_seed-505,api-gateway,incident-0009,cpu_saturation,True,9.948068783333333,heldout_seed,prevalence_raw
heldout_seed-505,api-gateway,incident-0012,memory_leak,True,9.309836516666667,heldout_seed,prevalence_raw
heldout_seed-505,api-gateway,incident-0016,database_degradation,True,9.744719483333334,heldout_seed,prevalence_raw
heldout_seed-505,api-gateway,incident-0022,memory_leak,True,9.953017633333333,heldout_seed,prevalence_raw
heldout_seed-505,api-gateway,incident-0025,cpu_saturation,True,9.3744113,heldout_seed,prevalence_raw
heldout_seed-505,api-gateway,incident-0029,memory_leak,True,9.937288566666666,heldout_seed,prevalence_raw
heldout_seed-505,api-gateway,incident-0032,memory_leak,True,9.898275466666666,heldout_seed,prevalence_raw
heldout_seed-505,api-gateway,incident-0039,memory_leak,True,9.1930289,heldout_seed,prevalence_raw
heldout_seed-505,api-gateway,incident-0040,database_degradation,True,9.369307533333334,heldout_seed,prevalence_raw
heldout_seed-505,api-gateway,incident-0045,database_degradation,True,9.48772795,heldout_seed,prevalence_raw
heldout_seed-505,api-gateway,incident-0050,traffic_overload,True,9.934024816666666,heldout_seed,prevalence_raw
heldout_seed-505,api-gateway,incident-0055,cpu_saturation,True,9.6463676,heldout_seed,prevalence_raw
heldout_seed-505,api-gateway,incident-0058,traffic_overload,True,9.5885114,heldout_seed,prevalence_raw
heldout_seed-505,api-gateway,incident-0062,database_degradation,True,9.174682566666666,heldout_seed,prevalence_raw
heldout_seed-505,api-gateway,incident-0065,cpu_saturation,True,9.034441316666666,heldout_seed,prevalence_raw
heldout_seed-505,api-gateway,incident-0071,traffic_overload,True,9.880912833333333,heldout_seed,prevalence_raw
heldout_seed-505,api-gateway,incident-0075,cpu_saturation,True,9.140856166666667,heldout_seed,prevalence_raw
heldout_seed-505,api-gateway,incident-0076,cpu_saturation,True,9.252828683333332,heldout_seed,prevalence_raw
heldout_seed-505,api-gateway,incident-0080,traffic_overload,True,9.84886375,heldout_seed,prevalence_raw
heldout_seed-505,api-gateway,incident-0084,database_degradation,True,9.541936566666667,heldout_seed,prevalence_raw
heldout_seed-505,api-gateway,incident-0088,cpu_saturation,True,9.208972866666667,heldout_seed,prevalence_raw
heldout_seed-505,api-gateway,incident-0094,database_degradation,True,9.8904636,heldout_seed,prevalence_raw
heldout_seed-505,api-gateway,incident-0098,database_degradation,True,9.846467966666667,heldout_seed,prevalence_raw
heldout_seed-505,api-gateway,incident-0102,memory_leak,True,9.26053225,heldout_seed,prevalence_raw
heldout_seed-505,api-gateway,incident-0107,memory_leak,True,9.460544283333332,heldout_seed,prevalence_raw
heldout_seed-505,api-gateway,incident-0110,database_degradation,True,9.276692933333333,heldout_seed,prevalence_raw
heldout_seed-505,api-gateway,incident-0112,cpu_saturation,True,9.168271166666667,heldout_seed,prevalence_raw
heldout_seed-505,api-gateway,incident-0119,traffic_overload,True,9.176594066666667,heldout_seed,prevalence_raw
heldout_seed-505,api-gateway,incident-0121,memory_leak,True,9.477449816666667,heldout_seed,prevalence_raw
heldout_seed-505,api-gateway,incident-0126,traffic_overload,True,9.267694133333332,heldout_seed,prevalence_raw
heldout_seed-505,auth-service,incident-0000,database_degradation,True,9.521557216666668,heldout_seed,prevalence_raw
heldout_seed-505,auth-service,incident-0004,database_degradation,True,9.854583733333333,heldout_seed,prevalence_raw
heldout_seed-505,auth-service,incident-0010,cpu_saturation,True,9.578908049999999,heldout_seed,prevalence_raw
heldout_seed-505,auth-service,incident-0013,memory_leak,True,9.465114833333333,heldout_seed,prevalence_raw
heldout_seed-505,auth-service,incident-0017,database_degradation,True,9.44822255,heldout_seed,prevalence_raw
heldout_seed-505,auth-service,incident-0021,cpu_saturation,True,9.046080983333333,heldout_seed,prevalence_raw
heldout_seed-505,auth-service,incident-0026,database_degradation,True,9.701557016666667,heldout_seed,prevalence_raw
heldout_seed-505,auth-service,incident-0031,memory_leak,True,9.75561935,heldout_seed,prevalence_raw
heldout_seed-505,auth-service,incident-0033,database_degradation,True,9.423770766666667,heldout_seed,prevalence_raw
heldout_seed-505,auth-service,incident-0036,database_degradation,True,9.778823116666667,heldout_seed,prevalence_raw
heldout_seed-505,auth-service,incident-0041,traffic_overload,True,9.323099616666667,heldout_seed,prevalence_raw
heldout_seed-505,auth-service,incident-0046,memory_leak,True,9.963829066666667,heldout_seed,prevalence_raw
heldout_seed-505,auth-service,incident-0048,memory_leak,True,9.432182066666666,heldout_seed,prevalence_raw
heldout_seed-505,auth-service,incident-0052,traffic_overload,True,9.826479116666667,heldout_seed,prevalence_raw
heldout_seed-505,auth-service,incident-0059,traffic_overload,True,9.992339916666667,heldout_seed,prevalence_raw
heldout_seed-505,auth-service,incident-0061,traffic_overload,True,9.4487963,heldout_seed,prevalence_raw
heldout_seed-505,auth-service,incident-0067,traffic_overload,True,9.631951983333332,heldout_seed,prevalence_raw
heldout_seed-505,auth-service,incident-0069,memory_leak,True,9.9108491,heldout_seed,prevalence_raw
heldout_seed-505,auth-service,incident-0074,cpu_saturation,True,9.677903416666668,heldout_seed,prevalence_raw
heldout_seed-505,auth-service,incident-0078,database_degradation,True,9.721133583333334,heldout_seed,prevalence_raw
heldout_seed-505,auth-service,incident-0083,cpu_saturation,True,9.327408266666668,heldout_seed,prevalence_raw
heldout_seed-505,auth-service,incident-0085,memory_leak,True,9.549828566666667,heldout_seed,prevalence_raw
heldout_seed-505,auth-service,incident-0091,cpu_saturation,True,9.451336983333334,heldout_seed,prevalence_raw
heldout_seed-505,auth-service,incident-0092,memory_leak,True,9.087653783333334,heldout_seed,prevalence_raw
heldout_seed-505,auth-service,incident-0099,cpu_saturation,True,9.630761116666667,heldout_seed,prevalence_raw
heldout_seed-505,auth-service,incident-0100,traffic_overload,True,9.843885683333333,heldout_seed,prevalence_raw
heldout_seed-505,auth-service,incident-0104,cpu_saturation,True,9.79878035,heldout_seed,prevalence_raw
heldout_seed-505,auth-service,incident-0111,traffic_overload,True,9.33938945,heldout_seed,prevalence_raw
heldout_seed-505,auth-service,incident-0115,database_degradation,True,9.08807145,heldout_seed,prevalence_raw
heldout_seed-505,auth-service,incident-0117,cpu_saturation,True,9.8710766,heldout_seed,prevalence_raw
heldout_seed-505,auth-service,incident-0122,memory_leak,True,9.04626025,heldout_seed,prevalence_raw
heldout_seed-505,auth-service,incident-0127,traffic_overload,True,9.146797333333334,heldout_seed,prevalence_raw
heldout_seed-505,catalog-service,incident-0003,traffic_overload,True,9.68484265,heldout_seed,prevalence_raw
heldout_seed-505,catalog-service,incident-0007,memory_leak,True,9.246427316666665,heldout_seed,prevalence_raw
heldout_seed-505,catalog-service,incident-0008,database_degradation,True,9.463927383333333,heldout_seed,prevalence_raw
heldout_seed-505,catalog-service,incident-0015,database_degradation,True,9.48741275,heldout_seed,prevalence_raw
heldout_seed-505,catalog-service,incident-0018,memory_leak,True,9.538429716666666,heldout_seed,prevalence_raw
heldout_seed-505,catalog-service,incident-0023,cpu_saturation,True,9.310929533333333,heldout_seed,prevalence_raw
heldout_seed-505,catalog-service,incident-0027,cpu_saturation,True,9.52056475,heldout_seed,prevalence_raw
heldout_seed-505,catalog-service,incident-0028,database_degradation,True,9.296759816666668,heldout_seed,prevalence_raw
heldout_seed-505,catalog-service,incident-0034,memory_leak,True,9.184318033333334,heldout_seed,prevalence_raw
heldout_seed-505,catalog-service,incident-0037,database_degradation,True,9.930061616666668,heldout_seed,prevalence_raw
heldout_seed-505,catalog-service,incident-0043,cpu_saturation,True,9.173306550000001,heldout_seed,prevalence_raw
heldout_seed-505,catalog-service,incident-0047,cpu_saturation,True,9.22633375,heldout_seed,prevalence_raw
heldout_seed-505,catalog-service,incident-0051,database_degradation,True,9.0103609,heldout_seed,prevalence_raw
heldout_seed-505,catalog-service,incident-0053,traffic_overload,True,9.18578345,heldout_seed,prevalence_raw
heldout_seed-505,catalog-service,incident-0056,traffic_overload,True,9.604178033333334,heldout_seed,prevalence_raw
heldout_seed-505,catalog-service,incident-0060,traffic_overload,True,9.376474316666666,heldout_seed,prevalence_raw
heldout_seed-505,catalog-service,incident-0066,memory_leak,True,9.3875114,heldout_seed,prevalence_raw
heldout_seed-505,catalog-service,incident-0068,database_degradation,True,9.839035066666666,heldout_seed,prevalence_raw
heldout_seed-505,catalog-service,incident-0073,memory_leak,True,9.058854666666667,heldout_seed,prevalence_raw
heldout_seed-505,catalog-service,incident-0079,traffic_overload,True,9.992995400000002,heldout_seed,prevalence_raw
heldout_seed-505,catalog-service,incident-0081,memory_leak,True,9.6951698,heldout_seed,prevalence_raw
heldout_seed-505,catalog-service,incident-0087,cpu_saturation,True,9.1410345,heldout_seed,prevalence_raw
heldout_seed-505,catalog-service,incident-0090,memory_leak,True,9.677704400000001,heldout_seed,prevalence_raw
heldout_seed-505,catalog-service,incident-0093,traffic_overload,True,9.915243766666666,heldout_seed,prevalence_raw
heldout_seed-505,catalog-service,incident-0097,traffic_overload,True,9.31918865,heldout_seed,prevalence_raw
heldout_seed-505,catalog-service,incident-0103,cpu_saturation,True,9.857623416666666,heldout_seed,prevalence_raw
heldout_seed-505,catalog-service,incident-0106,memory_leak,True,9.1271786,heldout_seed,prevalence_raw
heldout_seed-505,catalog-service,incident-0109,cpu_saturation,True,9.961136183333334,heldout_seed,prevalence_raw
heldout_seed-505,catalog-service,incident-0114,traffic_overload,True,9.18270565,heldout_seed,prevalence_raw
heldout_seed-505,catalog-service,incident-0116,database_degradation,True,9.331873316666668,heldout_seed,prevalence_raw
heldout_seed-505,catalog-service,incident-0123,cpu_saturation,True,9.671673033333333,heldout_seed,prevalence_raw
heldout_seed-505,catalog-service,incident-0124,database_degradation,True,9.967188850000001,heldout_seed,prevalence_raw
heldout_seed-505,search-service,incident-0002,cpu_saturation,True,9.13988805,heldout_seed,prevalence_raw
heldout_seed-505,search-service,incident-0006,cpu_saturation,True,9.970902383333334,heldout_seed,prevalence_raw
heldout_seed-505,search-service,incident-0011,cpu_saturation,True,9.677330466666666,heldout_seed,prevalence_raw
heldout_seed-505,search-service,incident-0014,memory_leak,True,9.266972733333334,heldout_seed,prevalence_raw
heldout_seed-505,search-service,incident-0019,database_degradation,True,9.36400185,heldout_seed,prevalence_raw
heldout_seed-505,search-service,incident-0020,traffic_overload,True,9.491207233333334,heldout_seed,prevalence_raw
heldout_seed-505,search-service,incident-0024,memory_leak,True,9.278810633333334,heldout_seed,prevalence_raw
heldout_seed-505,search-service,incident-0030,memory_leak,True,9.392169416666666,heldout_seed,prevalence_raw
heldout_seed-505,search-service,incident-0035,traffic_overload,True,9.098320316666667,heldout_seed,prevalence_raw
heldout_seed-505,search-service,incident-0038,cpu_saturation,True,9.740589716666667,heldout_seed,prevalence_raw
heldout_seed-505,search-service,incident-0042,database_degradation,True,9.429573883333335,heldout_seed,prevalence_raw
heldout_seed-505,search-service,incident-0044,traffic_overload,True,9.785191316666667,heldout_seed,prevalence_raw
heldout_seed-505,search-service,incident-0049,memory_leak,True,9.354674266666667,heldout_seed,prevalence_raw
heldout_seed-505,search-service,incident-0054,database_degradation,True,9.592834283333334,heldout_seed,prevalence_raw
heldout_seed-505,search-service,incident-0057,database_degradation,True,9.450323816666666,heldout_seed,prevalence_raw
heldout_seed-505,search-service,incident-0063,memory_leak,True,9.276746183333334,heldout_seed,prevalence_raw
heldout_seed-505,search-service,incident-0064,memory_leak,True,9.542812316666668,heldout_seed,prevalence_raw
heldout_seed-505,search-service,incident-0070,cpu_saturation,True,9.47950135,heldout_seed,prevalence_raw
heldout_seed-505,search-service,incident-0072,memory_leak,True,9.280274733333332,heldout_seed,prevalence_raw
heldout_seed-505,search-service,incident-0077,database_degradation,True,9.179997083333335,heldout_seed,prevalence_raw
heldout_seed-505,search-service,incident-0082,traffic_overload,True,9.922161416666667,heldout_seed,prevalence_raw
heldout_seed-505,search-service,incident-0086,traffic_overload,True,9.61747145,heldout_seed,prevalence_raw
heldout_seed-505,search-service,incident-0089,traffic_overload,True,9.565313116666665,heldout_seed,prevalence_raw
heldout_seed-505,search-service,incident-0095,memory_leak,True,9.251601849999998,heldout_seed,prevalence_raw
heldout_seed-505,search-service,incident-0096,traffic_overload,True,9.493928116666666,heldout_seed,prevalence_raw
heldout_seed-505,search-service,incident-0101,database_degradation,True,9.210618516666667,heldout_seed,prevalence_raw
heldout_seed-505,search-service,incident-0105,cpu_saturation,True,9.975363566666665,heldout_seed,prevalence_raw
heldout_seed-505,search-service,incident-0108,cpu_saturation,True,9.345797433333333,heldout_seed,prevalence_raw
heldout_seed-505,search-service,incident-0113,database_degradation,True,9.16211425,heldout_seed,prevalence_raw
heldout_seed-505,search-service,incident-0118,traffic_overload,True,9.173976549999999,heldout_seed,prevalence_raw
heldout_seed-505,search-service,incident-0120,database_degradation,True,9.29586185,heldout_seed,prevalence_raw
heldout_seed-505,search-service,incident-0125,cpu_saturation,True,9.693492633333333,heldout_seed,prevalence_raw
development-101,api-gateway,incident-0107,cpu_saturation,True,9.002354416666666,temporal_test,boosting_raw
development-101,api-gateway,incident-0109,cpu_saturation,True,9.852592133333333,temporal_test,boosting_raw
development-101,api-gateway,incident-0112,memory_leak,True,9.638832166666667,temporal_test,boosting_raw
development-101,api-gateway,incident-0118,cpu_saturation,True,4.666196066666667,temporal_test,boosting_raw
development-101,api-gateway,incident-0122,cpu_saturation,True,6.618470283333334,temporal_test,boosting_raw
development-101,api-gateway,incident-0125,database_degradation,True,8.336873666666667,temporal_test,boosting_raw
development-101,auth-service,incident-0105,cpu_saturation,True,9.1297978,temporal_test,boosting_raw
development-101,auth-service,incident-0110,cpu_saturation,True,9.743496416666666,temporal_test,boosting_raw
development-101,auth-service,incident-0114,database_degradation,True,9.437466833333334,temporal_test,boosting_raw
development-101,auth-service,incident-0116,traffic_overload,True,9.625500333333333,temporal_test,boosting_raw
development-101,auth-service,incident-0121,memory_leak,True,8.845262933333334,temporal_test,boosting_raw
development-101,auth-service,incident-0127,cpu_saturation,True,9.192049016666665,temporal_test,boosting_raw
development-101,catalog-service,incident-0104,traffic_overload,True,9.8659506,temporal_test,boosting_raw
development-101,catalog-service,incident-0108,memory_leak,True,7.60525785,temporal_test,boosting_raw
development-101,catalog-service,incident-0115,traffic_overload,True,5.55445155,temporal_test,boosting_raw
development-101,catalog-service,incident-0117,traffic_overload,False,,temporal_test,boosting_raw
development-101,catalog-service,incident-0120,cpu_saturation,True,8.322208483333334,temporal_test,boosting_raw
development-101,catalog-service,incident-0126,traffic_overload,True,6.585186133333334,temporal_test,boosting_raw
development-101,search-service,incident-0106,traffic_overload,True,9.388724166666666,temporal_test,boosting_raw
development-101,search-service,incident-0111,memory_leak,True,9.106918783333333,temporal_test,boosting_raw
development-101,search-service,incident-0113,traffic_overload,True,9.209050033333334,temporal_test,boosting_raw
development-101,search-service,incident-0119,cpu_saturation,True,5.9289095666666665,temporal_test,boosting_raw
development-101,search-service,incident-0123,memory_leak,True,9.0023856,temporal_test,boosting_raw
development-101,search-service,incident-0124,database_degradation,True,9.70856905,temporal_test,boosting_raw
development-202,api-gateway,incident-0104,traffic_overload,True,9.625334266666666,temporal_test,boosting_raw
development-202,api-gateway,incident-0109,cpu_saturation,True,9.188983466666667,temporal_test,boosting_raw
development-202,api-gateway,incident-0114,traffic_overload,True,9.134152633333334,temporal_test,boosting_raw
development-202,api-gateway,incident-0118,memory_leak,True,6.777225866666667,temporal_test,boosting_raw
development-202,api-gateway,incident-0123,memory_leak,True,4.3745105,temporal_test,boosting_raw
development-202,api-gateway,incident-0124,cpu_saturation,True,6.9574023333333335,temporal_test,boosting_raw
development-202,auth-service,incident-0106,traffic_overload,True,9.328307950000001,temporal_test,boosting_raw
development-202,auth-service,incident-0111,traffic_overload,True,9.133543666666666,temporal_test,boosting_raw
development-202,auth-service,incident-0112,cpu_saturation,True,9.7662233,temporal_test,boosting_raw
development-202,auth-service,incident-0117,database_degradation,True,9.801165633333333,temporal_test,boosting_raw
development-202,auth-service,incident-0121,memory_leak,True,9.456634466666666,temporal_test,boosting_raw
development-202,auth-service,incident-0127,memory_leak,True,7.981972633333333,temporal_test,boosting_raw
development-202,catalog-service,incident-0105,cpu_saturation,True,9.1122081,temporal_test,boosting_raw
development-202,catalog-service,incident-0110,memory_leak,True,7.462204166666667,temporal_test,boosting_raw
development-202,catalog-service,incident-0115,database_degradation,True,9.235303100000001,temporal_test,boosting_raw
development-202,catalog-service,incident-0119,traffic_overload,True,2.552882,temporal_test,boosting_raw
development-202,catalog-service,incident-0122,traffic_overload,True,3.1593821666666666,temporal_test,boosting_raw
development-202,catalog-service,incident-0126,traffic_overload,True,9.397597966666666,temporal_test,boosting_raw
development-202,search-service,incident-0107,traffic_overload,True,9.67271245,temporal_test,boosting_raw
development-202,search-service,incident-0108,memory_leak,True,9.196904683333335,temporal_test,boosting_raw
development-202,search-service,incident-0113,memory_leak,True,9.342846699999999,temporal_test,boosting_raw
development-202,search-service,incident-0116,cpu_saturation,True,8.649997533333334,temporal_test,boosting_raw
development-202,search-service,incident-0120,traffic_overload,True,8.672713083333333,temporal_test,boosting_raw
development-202,search-service,incident-0125,cpu_saturation,True,6.039616466666667,temporal_test,boosting_raw
development-303,api-gateway,incident-0106,database_degradation,True,9.416518116666667,temporal_test,boosting_raw
development-303,api-gateway,incident-0110,database_degradation,True,9.830091833333334,temporal_test,boosting_raw
development-303,api-gateway,incident-0115,memory_leak,True,8.7678363,temporal_test,boosting_raw
development-303,api-gateway,incident-0116,memory_leak,True,4.341222816666667,temporal_test,boosting_raw
development-303,api-gateway,incident-0120,cpu_saturation,True,7.419288133333334,temporal_test,boosting_raw
development-303,api-gateway,incident-0125,memory_leak,True,6.796511566666666,temporal_test,boosting_raw
development-303,auth-service,incident-0105,traffic_overload,True,9.373751616666668,temporal_test,boosting_raw
development-303,auth-service,incident-0108,memory_leak,True,7.92543965,temporal_test,boosting_raw
development-303,auth-service,incident-0113,cpu_saturation,True,9.118084166666668,temporal_test,boosting_raw
development-303,auth-service,incident-0117,cpu_saturation,True,9.14718935,temporal_test,boosting_raw
development-303,auth-service,incident-0122,cpu_saturation,True,6.996745566666666,temporal_test,boosting_raw
development-303,auth-service,incident-0124,memory_leak,True,8.610967183333335,temporal_test,boosting_raw
development-303,catalog-service,incident-0104,traffic_overload,True,9.832165383333335,temporal_test,boosting_raw
development-303,catalog-service,incident-0111,cpu_saturation,True,9.551788933333334,temporal_test,boosting_raw
development-303,catalog-service,incident-0114,database_degradation,True,9.66208155,temporal_test,boosting_raw
development-303,catalog-service,incident-0118,memory_leak,True,8.141889066666668,temporal_test,boosting_raw
development-303,catalog-service,incident-0121,cpu_saturation,True,8.026153933333333,temporal_test,boosting_raw
development-303,catalog-service,incident-0127,traffic_overload,True,7.470316066666667,temporal_test,boosting_raw
development-303,search-service,incident-0107,traffic_overload,True,9.518356616666667,temporal_test,boosting_raw
development-303,search-service,incident-0109,traffic_overload,True,9.694756833333335,temporal_test,boosting_raw
development-303,search-service,incident-0112,memory_leak,True,8.601779383333334,temporal_test,boosting_raw
development-303,search-service,incident-0119,cpu_saturation,True,5.101765966666666,temporal_test,boosting_raw
development-303,search-service,incident-0123,traffic_overload,False,,temporal_test,boosting_raw
development-303,search-service,incident-0126,cpu_saturation,True,9.100993983333332,temporal_test,boosting_raw
development-101,api-gateway,incident-0107,cpu_saturation,True,9.002354416666666,temporal_test,boosting_sigmoid
development-101,api-gateway,incident-0109,cpu_saturation,True,9.852592133333333,temporal_test,boosting_sigmoid
development-101,api-gateway,incident-0112,memory_leak,True,9.638832166666667,temporal_test,boosting_sigmoid
development-101,api-gateway,incident-0118,cpu_saturation,True,4.666196066666667,temporal_test,boosting_sigmoid
development-101,api-gateway,incident-0122,cpu_saturation,True,6.618470283333334,temporal_test,boosting_sigmoid
development-101,api-gateway,incident-0125,database_degradation,True,8.336873666666667,temporal_test,boosting_sigmoid
development-101,auth-service,incident-0105,cpu_saturation,True,9.1297978,temporal_test,boosting_sigmoid
development-101,auth-service,incident-0110,cpu_saturation,True,9.743496416666666,temporal_test,boosting_sigmoid
development-101,auth-service,incident-0114,database_degradation,True,9.437466833333334,temporal_test,boosting_sigmoid
development-101,auth-service,incident-0116,traffic_overload,True,9.625500333333333,temporal_test,boosting_sigmoid
development-101,auth-service,incident-0121,memory_leak,True,8.845262933333334,temporal_test,boosting_sigmoid
development-101,auth-service,incident-0127,cpu_saturation,True,9.192049016666665,temporal_test,boosting_sigmoid
development-101,catalog-service,incident-0104,traffic_overload,True,9.8659506,temporal_test,boosting_sigmoid
development-101,catalog-service,incident-0108,memory_leak,True,7.60525785,temporal_test,boosting_sigmoid
development-101,catalog-service,incident-0115,traffic_overload,True,5.55445155,temporal_test,boosting_sigmoid
development-101,catalog-service,incident-0117,traffic_overload,False,,temporal_test,boosting_sigmoid
development-101,catalog-service,incident-0120,cpu_saturation,True,8.322208483333334,temporal_test,boosting_sigmoid
development-101,catalog-service,incident-0126,traffic_overload,True,6.585186133333334,temporal_test,boosting_sigmoid
development-101,search-service,incident-0106,traffic_overload,True,9.388724166666666,temporal_test,boosting_sigmoid
development-101,search-service,incident-0111,memory_leak,True,9.106918783333333,temporal_test,boosting_sigmoid
development-101,search-service,incident-0113,traffic_overload,True,9.209050033333334,temporal_test,boosting_sigmoid
development-101,search-service,incident-0119,cpu_saturation,True,5.9289095666666665,temporal_test,boosting_sigmoid
development-101,search-service,incident-0123,memory_leak,True,9.0023856,temporal_test,boosting_sigmoid
development-101,search-service,incident-0124,database_degradation,True,9.70856905,temporal_test,boosting_sigmoid
development-202,api-gateway,incident-0104,traffic_overload,True,9.625334266666666,temporal_test,boosting_sigmoid
development-202,api-gateway,incident-0109,cpu_saturation,True,9.188983466666667,temporal_test,boosting_sigmoid
development-202,api-gateway,incident-0114,traffic_overload,True,9.134152633333334,temporal_test,boosting_sigmoid
development-202,api-gateway,incident-0118,memory_leak,True,6.777225866666667,temporal_test,boosting_sigmoid
development-202,api-gateway,incident-0123,memory_leak,True,4.3745105,temporal_test,boosting_sigmoid
development-202,api-gateway,incident-0124,cpu_saturation,True,6.9574023333333335,temporal_test,boosting_sigmoid
development-202,auth-service,incident-0106,traffic_overload,True,9.328307950000001,temporal_test,boosting_sigmoid
development-202,auth-service,incident-0111,traffic_overload,True,9.133543666666666,temporal_test,boosting_sigmoid
development-202,auth-service,incident-0112,cpu_saturation,True,9.7662233,temporal_test,boosting_sigmoid
development-202,auth-service,incident-0117,database_degradation,True,9.801165633333333,temporal_test,boosting_sigmoid
development-202,auth-service,incident-0121,memory_leak,True,9.456634466666666,temporal_test,boosting_sigmoid
development-202,auth-service,incident-0127,memory_leak,True,7.981972633333333,temporal_test,boosting_sigmoid
development-202,catalog-service,incident-0105,cpu_saturation,True,9.1122081,temporal_test,boosting_sigmoid
development-202,catalog-service,incident-0110,memory_leak,True,7.462204166666667,temporal_test,boosting_sigmoid
development-202,catalog-service,incident-0115,database_degradation,True,9.235303100000001,temporal_test,boosting_sigmoid
development-202,catalog-service,incident-0119,traffic_overload,True,2.552882,temporal_test,boosting_sigmoid
development-202,catalog-service,incident-0122,traffic_overload,True,3.1593821666666666,temporal_test,boosting_sigmoid
development-202,catalog-service,incident-0126,traffic_overload,True,9.397597966666666,temporal_test,boosting_sigmoid
development-202,search-service,incident-0107,traffic_overload,True,9.67271245,temporal_test,boosting_sigmoid
development-202,search-service,incident-0108,memory_leak,True,9.196904683333335,temporal_test,boosting_sigmoid
development-202,search-service,incident-0113,memory_leak,True,9.342846699999999,temporal_test,boosting_sigmoid
development-202,search-service,incident-0116,cpu_saturation,True,8.649997533333334,temporal_test,boosting_sigmoid
development-202,search-service,incident-0120,traffic_overload,True,8.672713083333333,temporal_test,boosting_sigmoid
development-202,search-service,incident-0125,cpu_saturation,True,6.039616466666667,temporal_test,boosting_sigmoid
development-303,api-gateway,incident-0106,database_degradation,True,9.416518116666667,temporal_test,boosting_sigmoid
development-303,api-gateway,incident-0110,database_degradation,True,9.830091833333334,temporal_test,boosting_sigmoid
development-303,api-gateway,incident-0115,memory_leak,True,8.7678363,temporal_test,boosting_sigmoid
development-303,api-gateway,incident-0116,memory_leak,True,4.341222816666667,temporal_test,boosting_sigmoid
development-303,api-gateway,incident-0120,cpu_saturation,True,7.419288133333334,temporal_test,boosting_sigmoid
development-303,api-gateway,incident-0125,memory_leak,True,6.796511566666666,temporal_test,boosting_sigmoid
development-303,auth-service,incident-0105,traffic_overload,True,9.373751616666668,temporal_test,boosting_sigmoid
development-303,auth-service,incident-0108,memory_leak,True,7.92543965,temporal_test,boosting_sigmoid
development-303,auth-service,incident-0113,cpu_saturation,True,9.118084166666668,temporal_test,boosting_sigmoid
development-303,auth-service,incident-0117,cpu_saturation,True,9.14718935,temporal_test,boosting_sigmoid
development-303,auth-service,incident-0122,cpu_saturation,True,6.996745566666666,temporal_test,boosting_sigmoid
development-303,auth-service,incident-0124,memory_leak,True,8.610967183333335,temporal_test,boosting_sigmoid
development-303,catalog-service,incident-0104,traffic_overload,True,9.832165383333335,temporal_test,boosting_sigmoid
development-303,catalog-service,incident-0111,cpu_saturation,True,9.551788933333334,temporal_test,boosting_sigmoid
development-303,catalog-service,incident-0114,database_degradation,True,9.66208155,temporal_test,boosting_sigmoid
development-303,catalog-service,incident-0118,memory_leak,True,8.141889066666668,temporal_test,boosting_sigmoid
development-303,catalog-service,incident-0121,cpu_saturation,True,8.026153933333333,temporal_test,boosting_sigmoid
development-303,catalog-service,incident-0127,traffic_overload,True,7.470316066666667,temporal_test,boosting_sigmoid
development-303,search-service,incident-0107,traffic_overload,True,9.518356616666667,temporal_test,boosting_sigmoid
development-303,search-service,incident-0109,traffic_overload,True,9.694756833333335,temporal_test,boosting_sigmoid
development-303,search-service,incident-0112,memory_leak,True,8.601779383333334,temporal_test,boosting_sigmoid
development-303,search-service,incident-0119,cpu_saturation,True,5.101765966666666,temporal_test,boosting_sigmoid
development-303,search-service,incident-0123,traffic_overload,False,,temporal_test,boosting_sigmoid
development-303,search-service,incident-0126,cpu_saturation,True,9.100993983333332,temporal_test,boosting_sigmoid
development-101,api-gateway,incident-0107,cpu_saturation,True,9.002354416666666,temporal_test,logistic_raw
development-101,api-gateway,incident-0109,cpu_saturation,True,9.852592133333333,temporal_test,logistic_raw
development-101,api-gateway,incident-0112,memory_leak,True,9.638832166666667,temporal_test,logistic_raw
development-101,api-gateway,incident-0118,cpu_saturation,True,9.666196066666666,temporal_test,logistic_raw
development-101,api-gateway,incident-0122,cpu_saturation,True,9.618470283333332,temporal_test,logistic_raw
development-101,api-gateway,incident-0125,database_degradation,True,9.336873666666666,temporal_test,logistic_raw
development-101,auth-service,incident-0105,cpu_saturation,True,9.1297978,temporal_test,logistic_raw
development-101,auth-service,incident-0110,cpu_saturation,True,9.743496416666666,temporal_test,logistic_raw
development-101,auth-service,incident-0114,database_degradation,True,9.437466833333334,temporal_test,logistic_raw
development-101,auth-service,incident-0116,traffic_overload,True,9.625500333333333,temporal_test,logistic_raw
development-101,auth-service,incident-0121,memory_leak,True,9.845262933333334,temporal_test,logistic_raw
development-101,auth-service,incident-0127,cpu_saturation,True,9.192049016666665,temporal_test,logistic_raw
development-101,catalog-service,incident-0104,traffic_overload,True,9.8659506,temporal_test,logistic_raw
development-101,catalog-service,incident-0108,memory_leak,True,9.60525785,temporal_test,logistic_raw
development-101,catalog-service,incident-0115,traffic_overload,True,9.554451550000001,temporal_test,logistic_raw
development-101,catalog-service,incident-0117,traffic_overload,True,9.0822653,temporal_test,logistic_raw
development-101,catalog-service,incident-0120,cpu_saturation,True,9.322208483333332,temporal_test,logistic_raw
development-101,catalog-service,incident-0126,traffic_overload,True,9.585186133333334,temporal_test,logistic_raw
development-101,search-service,incident-0106,traffic_overload,True,9.388724166666666,temporal_test,logistic_raw
development-101,search-service,incident-0111,memory_leak,True,9.106918783333333,temporal_test,logistic_raw
development-101,search-service,incident-0113,traffic_overload,True,9.209050033333334,temporal_test,logistic_raw
development-101,search-service,incident-0119,cpu_saturation,True,9.928909566666666,temporal_test,logistic_raw
development-101,search-service,incident-0123,memory_leak,True,9.0023856,temporal_test,logistic_raw
development-101,search-service,incident-0124,database_degradation,True,9.70856905,temporal_test,logistic_raw
development-202,api-gateway,incident-0104,traffic_overload,True,9.625334266666666,temporal_test,logistic_raw
development-202,api-gateway,incident-0109,cpu_saturation,True,9.188983466666667,temporal_test,logistic_raw
development-202,api-gateway,incident-0114,traffic_overload,True,9.134152633333334,temporal_test,logistic_raw
development-202,api-gateway,incident-0118,memory_leak,True,9.777225866666667,temporal_test,logistic_raw
development-202,api-gateway,incident-0123,memory_leak,True,9.374510500000001,temporal_test,logistic_raw
development-202,api-gateway,incident-0124,cpu_saturation,True,9.957402333333333,temporal_test,logistic_raw
development-202,auth-service,incident-0106,traffic_overload,True,9.328307950000001,temporal_test,logistic_raw
development-202,auth-service,incident-0111,traffic_overload,True,9.133543666666666,temporal_test,logistic_raw
development-202,auth-service,incident-0112,cpu_saturation,True,9.7662233,temporal_test,logistic_raw
development-202,auth-service,incident-0117,database_degradation,True,9.801165633333333,temporal_test,logistic_raw
development-202,auth-service,incident-0121,memory_leak,True,9.456634466666666,temporal_test,logistic_raw
development-202,auth-service,incident-0127,memory_leak,True,9.981972633333333,temporal_test,logistic_raw
development-202,catalog-service,incident-0105,cpu_saturation,True,9.1122081,temporal_test,logistic_raw
development-202,catalog-service,incident-0110,memory_leak,True,9.462204166666668,temporal_test,logistic_raw
development-202,catalog-service,incident-0115,database_degradation,True,9.235303100000001,temporal_test,logistic_raw
development-202,catalog-service,incident-0119,traffic_overload,True,9.552882,temporal_test,logistic_raw
development-202,catalog-service,incident-0122,traffic_overload,True,9.159382166666667,temporal_test,logistic_raw
development-202,catalog-service,incident-0126,traffic_overload,True,9.397597966666666,temporal_test,logistic_raw
development-202,search-service,incident-0107,traffic_overload,True,9.67271245,temporal_test,logistic_raw
development-202,search-service,incident-0108,memory_leak,True,9.196904683333335,temporal_test,logistic_raw
development-202,search-service,incident-0113,memory_leak,True,9.342846699999999,temporal_test,logistic_raw
development-202,search-service,incident-0116,cpu_saturation,True,9.649997533333334,temporal_test,logistic_raw
development-202,search-service,incident-0120,traffic_overload,True,9.672713083333333,temporal_test,logistic_raw
development-202,search-service,incident-0125,cpu_saturation,True,9.039616466666667,temporal_test,logistic_raw
development-303,api-gateway,incident-0106,database_degradation,True,9.416518116666667,temporal_test,logistic_raw
development-303,api-gateway,incident-0110,database_degradation,True,9.830091833333334,temporal_test,logistic_raw
development-303,api-gateway,incident-0115,memory_leak,True,9.7678363,temporal_test,logistic_raw
development-303,api-gateway,incident-0116,memory_leak,True,9.341222816666667,temporal_test,logistic_raw
development-303,api-gateway,incident-0120,cpu_saturation,True,9.419288133333334,temporal_test,logistic_raw
development-303,api-gateway,incident-0125,memory_leak,True,9.796511566666668,temporal_test,logistic_raw
development-303,auth-service,incident-0105,traffic_overload,True,9.373751616666668,temporal_test,logistic_raw
development-303,auth-service,incident-0108,memory_leak,True,9.92543965,temporal_test,logistic_raw
development-303,auth-service,incident-0113,cpu_saturation,True,9.118084166666668,temporal_test,logistic_raw
development-303,auth-service,incident-0117,cpu_saturation,True,9.14718935,temporal_test,logistic_raw
development-303,auth-service,incident-0122,cpu_saturation,True,9.996745566666668,temporal_test,logistic_raw
development-303,auth-service,incident-0124,memory_leak,True,9.610967183333335,temporal_test,logistic_raw
development-303,catalog-service,incident-0104,traffic_overload,True,9.832165383333335,temporal_test,logistic_raw
development-303,catalog-service,incident-0111,cpu_saturation,True,9.551788933333334,temporal_test,logistic_raw
development-303,catalog-service,incident-0114,database_degradation,True,9.66208155,temporal_test,logistic_raw
development-303,catalog-service,incident-0118,memory_leak,True,9.141889066666666,temporal_test,logistic_raw
development-303,catalog-service,incident-0121,cpu_saturation,True,9.026153933333335,temporal_test,logistic_raw
development-303,catalog-service,incident-0127,traffic_overload,True,9.470316066666667,temporal_test,logistic_raw
development-303,search-service,incident-0107,traffic_overload,True,9.518356616666667,temporal_test,logistic_raw
development-303,search-service,incident-0109,traffic_overload,True,9.694756833333335,temporal_test,logistic_raw
development-303,search-service,incident-0112,memory_leak,True,9.601779383333334,temporal_test,logistic_raw
development-303,search-service,incident-0119,cpu_saturation,True,9.101765966666667,temporal_test,logistic_raw
development-303,search-service,incident-0123,traffic_overload,True,9.407234083333332,temporal_test,logistic_raw
development-303,search-service,incident-0126,cpu_saturation,True,9.100993983333332,temporal_test,logistic_raw
development-101,api-gateway,incident-0107,cpu_saturation,True,9.002354416666666,temporal_test,logistic_sigmoid
development-101,api-gateway,incident-0109,cpu_saturation,True,9.852592133333333,temporal_test,logistic_sigmoid
development-101,api-gateway,incident-0112,memory_leak,True,9.638832166666667,temporal_test,logistic_sigmoid
development-101,api-gateway,incident-0118,cpu_saturation,True,9.666196066666666,temporal_test,logistic_sigmoid
development-101,api-gateway,incident-0122,cpu_saturation,True,9.618470283333332,temporal_test,logistic_sigmoid
development-101,api-gateway,incident-0125,database_degradation,True,9.336873666666666,temporal_test,logistic_sigmoid
development-101,auth-service,incident-0105,cpu_saturation,True,9.1297978,temporal_test,logistic_sigmoid
development-101,auth-service,incident-0110,cpu_saturation,True,9.743496416666666,temporal_test,logistic_sigmoid
development-101,auth-service,incident-0114,database_degradation,True,9.437466833333334,temporal_test,logistic_sigmoid
development-101,auth-service,incident-0116,traffic_overload,True,9.625500333333333,temporal_test,logistic_sigmoid
development-101,auth-service,incident-0121,memory_leak,True,9.845262933333334,temporal_test,logistic_sigmoid
development-101,auth-service,incident-0127,cpu_saturation,True,9.192049016666665,temporal_test,logistic_sigmoid
development-101,catalog-service,incident-0104,traffic_overload,True,9.8659506,temporal_test,logistic_sigmoid
development-101,catalog-service,incident-0108,memory_leak,True,9.60525785,temporal_test,logistic_sigmoid
development-101,catalog-service,incident-0115,traffic_overload,True,9.554451550000001,temporal_test,logistic_sigmoid
development-101,catalog-service,incident-0117,traffic_overload,True,9.0822653,temporal_test,logistic_sigmoid
development-101,catalog-service,incident-0120,cpu_saturation,True,9.322208483333332,temporal_test,logistic_sigmoid
development-101,catalog-service,incident-0126,traffic_overload,True,9.585186133333334,temporal_test,logistic_sigmoid
development-101,search-service,incident-0106,traffic_overload,True,9.388724166666666,temporal_test,logistic_sigmoid
development-101,search-service,incident-0111,memory_leak,True,9.106918783333333,temporal_test,logistic_sigmoid
development-101,search-service,incident-0113,traffic_overload,True,9.209050033333334,temporal_test,logistic_sigmoid
development-101,search-service,incident-0119,cpu_saturation,True,9.928909566666666,temporal_test,logistic_sigmoid
development-101,search-service,incident-0123,memory_leak,True,9.0023856,temporal_test,logistic_sigmoid
development-101,search-service,incident-0124,database_degradation,True,9.70856905,temporal_test,logistic_sigmoid
development-202,api-gateway,incident-0104,traffic_overload,True,9.625334266666666,temporal_test,logistic_sigmoid
development-202,api-gateway,incident-0109,cpu_saturation,True,9.188983466666667,temporal_test,logistic_sigmoid
development-202,api-gateway,incident-0114,traffic_overload,True,9.134152633333334,temporal_test,logistic_sigmoid
development-202,api-gateway,incident-0118,memory_leak,True,9.777225866666667,temporal_test,logistic_sigmoid
development-202,api-gateway,incident-0123,memory_leak,True,9.374510500000001,temporal_test,logistic_sigmoid
development-202,api-gateway,incident-0124,cpu_saturation,True,9.957402333333333,temporal_test,logistic_sigmoid
development-202,auth-service,incident-0106,traffic_overload,True,9.328307950000001,temporal_test,logistic_sigmoid
development-202,auth-service,incident-0111,traffic_overload,True,9.133543666666666,temporal_test,logistic_sigmoid
development-202,auth-service,incident-0112,cpu_saturation,True,9.7662233,temporal_test,logistic_sigmoid
development-202,auth-service,incident-0117,database_degradation,True,9.801165633333333,temporal_test,logistic_sigmoid
development-202,auth-service,incident-0121,memory_leak,True,9.456634466666666,temporal_test,logistic_sigmoid
development-202,auth-service,incident-0127,memory_leak,True,9.981972633333333,temporal_test,logistic_sigmoid
development-202,catalog-service,incident-0105,cpu_saturation,True,9.1122081,temporal_test,logistic_sigmoid
development-202,catalog-service,incident-0110,memory_leak,True,9.462204166666668,temporal_test,logistic_sigmoid
development-202,catalog-service,incident-0115,database_degradation,True,9.235303100000001,temporal_test,logistic_sigmoid
development-202,catalog-service,incident-0119,traffic_overload,True,9.552882,temporal_test,logistic_sigmoid
development-202,catalog-service,incident-0122,traffic_overload,True,9.159382166666667,temporal_test,logistic_sigmoid
development-202,catalog-service,incident-0126,traffic_overload,True,9.397597966666666,temporal_test,logistic_sigmoid
development-202,search-service,incident-0107,traffic_overload,True,9.67271245,temporal_test,logistic_sigmoid
development-202,search-service,incident-0108,memory_leak,True,9.196904683333335,temporal_test,logistic_sigmoid
development-202,search-service,incident-0113,memory_leak,True,9.342846699999999,temporal_test,logistic_sigmoid
development-202,search-service,incident-0116,cpu_saturation,True,9.649997533333334,temporal_test,logistic_sigmoid
development-202,search-service,incident-0120,traffic_overload,True,9.672713083333333,temporal_test,logistic_sigmoid
development-202,search-service,incident-0125,cpu_saturation,True,9.039616466666667,temporal_test,logistic_sigmoid
development-303,api-gateway,incident-0106,database_degradation,True,9.416518116666667,temporal_test,logistic_sigmoid
development-303,api-gateway,incident-0110,database_degradation,True,9.830091833333334,temporal_test,logistic_sigmoid
development-303,api-gateway,incident-0115,memory_leak,True,9.7678363,temporal_test,logistic_sigmoid
development-303,api-gateway,incident-0116,memory_leak,True,9.341222816666667,temporal_test,logistic_sigmoid
development-303,api-gateway,incident-0120,cpu_saturation,True,9.419288133333334,temporal_test,logistic_sigmoid
development-303,api-gateway,incident-0125,memory_leak,True,9.796511566666668,temporal_test,logistic_sigmoid
development-303,auth-service,incident-0105,traffic_overload,True,9.373751616666668,temporal_test,logistic_sigmoid
development-303,auth-service,incident-0108,memory_leak,True,9.92543965,temporal_test,logistic_sigmoid
development-303,auth-service,incident-0113,cpu_saturation,True,9.118084166666668,temporal_test,logistic_sigmoid
development-303,auth-service,incident-0117,cpu_saturation,True,9.14718935,temporal_test,logistic_sigmoid
development-303,auth-service,incident-0122,cpu_saturation,True,9.996745566666668,temporal_test,logistic_sigmoid
development-303,auth-service,incident-0124,memory_leak,True,9.610967183333335,temporal_test,logistic_sigmoid
development-303,catalog-service,incident-0104,traffic_overload,True,9.832165383333335,temporal_test,logistic_sigmoid
development-303,catalog-service,incident-0111,cpu_saturation,True,9.551788933333334,temporal_test,logistic_sigmoid
development-303,catalog-service,incident-0114,database_degradation,True,9.66208155,temporal_test,logistic_sigmoid
development-303,catalog-service,incident-0118,memory_leak,True,9.141889066666666,temporal_test,logistic_sigmoid
development-303,catalog-service,incident-0121,cpu_saturation,True,9.026153933333335,temporal_test,logistic_sigmoid
development-303,catalog-service,incident-0127,traffic_overload,True,9.470316066666667,temporal_test,logistic_sigmoid
development-303,search-service,incident-0107,traffic_overload,True,9.518356616666667,temporal_test,logistic_sigmoid
development-303,search-service,incident-0109,traffic_overload,True,9.694756833333335,temporal_test,logistic_sigmoid
development-303,search-service,incident-0112,memory_leak,True,9.601779383333334,temporal_test,logistic_sigmoid
development-303,search-service,incident-0119,cpu_saturation,True,9.101765966666667,temporal_test,logistic_sigmoid
development-303,search-service,incident-0123,traffic_overload,True,9.407234083333332,temporal_test,logistic_sigmoid
development-303,search-service,incident-0126,cpu_saturation,True,9.100993983333332,temporal_test,logistic_sigmoid
development-101,api-gateway,incident-0107,cpu_saturation,True,9.002354416666666,temporal_test,prevalence_raw
development-101,api-gateway,incident-0109,cpu_saturation,True,9.852592133333333,temporal_test,prevalence_raw
development-101,api-gateway,incident-0112,memory_leak,True,9.638832166666667,temporal_test,prevalence_raw
development-101,api-gateway,incident-0118,cpu_saturation,True,9.666196066666666,temporal_test,prevalence_raw
development-101,api-gateway,incident-0122,cpu_saturation,True,9.618470283333332,temporal_test,prevalence_raw
development-101,api-gateway,incident-0125,database_degradation,True,9.336873666666666,temporal_test,prevalence_raw
development-101,auth-service,incident-0105,cpu_saturation,True,9.1297978,temporal_test,prevalence_raw
development-101,auth-service,incident-0110,cpu_saturation,True,9.743496416666666,temporal_test,prevalence_raw
development-101,auth-service,incident-0114,database_degradation,True,9.437466833333334,temporal_test,prevalence_raw
development-101,auth-service,incident-0116,traffic_overload,True,9.625500333333333,temporal_test,prevalence_raw
development-101,auth-service,incident-0121,memory_leak,True,9.845262933333334,temporal_test,prevalence_raw
development-101,auth-service,incident-0127,cpu_saturation,True,9.192049016666665,temporal_test,prevalence_raw
development-101,catalog-service,incident-0104,traffic_overload,True,9.8659506,temporal_test,prevalence_raw
development-101,catalog-service,incident-0108,memory_leak,True,9.60525785,temporal_test,prevalence_raw
development-101,catalog-service,incident-0115,traffic_overload,True,9.554451550000001,temporal_test,prevalence_raw
development-101,catalog-service,incident-0117,traffic_overload,True,9.0822653,temporal_test,prevalence_raw
development-101,catalog-service,incident-0120,cpu_saturation,True,9.322208483333332,temporal_test,prevalence_raw
development-101,catalog-service,incident-0126,traffic_overload,True,9.585186133333334,temporal_test,prevalence_raw
development-101,search-service,incident-0106,traffic_overload,True,9.388724166666666,temporal_test,prevalence_raw
development-101,search-service,incident-0111,memory_leak,True,9.106918783333333,temporal_test,prevalence_raw
development-101,search-service,incident-0113,traffic_overload,True,9.209050033333334,temporal_test,prevalence_raw
development-101,search-service,incident-0119,cpu_saturation,True,9.928909566666666,temporal_test,prevalence_raw
development-101,search-service,incident-0123,memory_leak,True,9.0023856,temporal_test,prevalence_raw
development-101,search-service,incident-0124,database_degradation,True,9.70856905,temporal_test,prevalence_raw
development-202,api-gateway,incident-0104,traffic_overload,True,9.625334266666666,temporal_test,prevalence_raw
development-202,api-gateway,incident-0109,cpu_saturation,True,9.188983466666667,temporal_test,prevalence_raw
development-202,api-gateway,incident-0114,traffic_overload,True,9.134152633333334,temporal_test,prevalence_raw
development-202,api-gateway,incident-0118,memory_leak,True,9.777225866666667,temporal_test,prevalence_raw
development-202,api-gateway,incident-0123,memory_leak,True,9.374510500000001,temporal_test,prevalence_raw
development-202,api-gateway,incident-0124,cpu_saturation,True,9.957402333333333,temporal_test,prevalence_raw
development-202,auth-service,incident-0106,traffic_overload,True,9.328307950000001,temporal_test,prevalence_raw
development-202,auth-service,incident-0111,traffic_overload,True,9.133543666666666,temporal_test,prevalence_raw
development-202,auth-service,incident-0112,cpu_saturation,True,9.7662233,temporal_test,prevalence_raw
development-202,auth-service,incident-0117,database_degradation,True,9.801165633333333,temporal_test,prevalence_raw
development-202,auth-service,incident-0121,memory_leak,True,9.456634466666666,temporal_test,prevalence_raw
development-202,auth-service,incident-0127,memory_leak,True,9.981972633333333,temporal_test,prevalence_raw
development-202,catalog-service,incident-0105,cpu_saturation,True,9.1122081,temporal_test,prevalence_raw
development-202,catalog-service,incident-0110,memory_leak,True,9.462204166666668,temporal_test,prevalence_raw
development-202,catalog-service,incident-0115,database_degradation,True,9.235303100000001,temporal_test,prevalence_raw
development-202,catalog-service,incident-0119,traffic_overload,True,9.552882,temporal_test,prevalence_raw
development-202,catalog-service,incident-0122,traffic_overload,True,9.159382166666667,temporal_test,prevalence_raw
development-202,catalog-service,incident-0126,traffic_overload,True,9.397597966666666,temporal_test,prevalence_raw
development-202,search-service,incident-0107,traffic_overload,True,9.67271245,temporal_test,prevalence_raw
development-202,search-service,incident-0108,memory_leak,True,9.196904683333335,temporal_test,prevalence_raw
development-202,search-service,incident-0113,memory_leak,True,9.342846699999999,temporal_test,prevalence_raw
development-202,search-service,incident-0116,cpu_saturation,True,9.649997533333334,temporal_test,prevalence_raw
development-202,search-service,incident-0120,traffic_overload,True,9.672713083333333,temporal_test,prevalence_raw
development-202,search-service,incident-0125,cpu_saturation,True,9.039616466666667,temporal_test,prevalence_raw
development-303,api-gateway,incident-0106,database_degradation,True,9.416518116666667,temporal_test,prevalence_raw
development-303,api-gateway,incident-0110,database_degradation,True,9.830091833333334,temporal_test,prevalence_raw
development-303,api-gateway,incident-0115,memory_leak,True,9.7678363,temporal_test,prevalence_raw
development-303,api-gateway,incident-0116,memory_leak,True,9.341222816666667,temporal_test,prevalence_raw
development-303,api-gateway,incident-0120,cpu_saturation,True,9.419288133333334,temporal_test,prevalence_raw
development-303,api-gateway,incident-0125,memory_leak,True,9.796511566666668,temporal_test,prevalence_raw
development-303,auth-service,incident-0105,traffic_overload,True,9.373751616666668,temporal_test,prevalence_raw
development-303,auth-service,incident-0108,memory_leak,True,9.92543965,temporal_test,prevalence_raw
development-303,auth-service,incident-0113,cpu_saturation,True,9.118084166666668,temporal_test,prevalence_raw
development-303,auth-service,incident-0117,cpu_saturation,True,9.14718935,temporal_test,prevalence_raw
development-303,auth-service,incident-0122,cpu_saturation,True,9.996745566666668,temporal_test,prevalence_raw
development-303,auth-service,incident-0124,memory_leak,True,9.610967183333335,temporal_test,prevalence_raw
development-303,catalog-service,incident-0104,traffic_overload,True,9.832165383333335,temporal_test,prevalence_raw
development-303,catalog-service,incident-0111,cpu_saturation,True,9.551788933333334,temporal_test,prevalence_raw
development-303,catalog-service,incident-0114,database_degradation,True,9.66208155,temporal_test,prevalence_raw
development-303,catalog-service,incident-0118,memory_leak,True,9.141889066666666,temporal_test,prevalence_raw
development-303,catalog-service,incident-0121,cpu_saturation,True,9.026153933333335,temporal_test,prevalence_raw
development-303,catalog-service,incident-0127,traffic_overload,True,9.470316066666667,temporal_test,prevalence_raw
development-303,search-service,incident-0107,traffic_overload,True,9.518356616666667,temporal_test,prevalence_raw
development-303,search-service,incident-0109,traffic_overload,True,9.694756833333335,temporal_test,prevalence_raw
development-303,search-service,incident-0112,memory_leak,True,9.601779383333334,temporal_test,prevalence_raw
development-303,search-service,incident-0119,cpu_saturation,True,9.101765966666667,temporal_test,prevalence_raw
development-303,search-service,incident-0123,traffic_overload,True,9.407234083333332,temporal_test,prevalence_raw
development-303,search-service,incident-0126,cpu_saturation,True,9.100993983333332,temporal_test,prevalence_raw
development-101,api-gateway,incident-0086,cpu_saturation,True,2.02504595,validation,boosting_raw
development-101,api-gateway,incident-0089,memory_leak,True,6.830602866666666,validation,boosting_raw
development-101,api-gateway,incident-0095,database_degradation,True,8.730233233333333,validation,boosting_raw
development-101,api-gateway,incident-0096,database_degradation,True,8.760837,validation,boosting_raw
development-101,api-gateway,incident-0103,database_degradation,True,9.313151466666666,validation,boosting_raw
development-101,auth-service,incident-0087,database_degradation,True,8.819604433333334,validation,boosting_raw
development-101,auth-service,incident-0088,traffic_overload,True,7.874868533333333,validation,boosting_raw
development-101,auth-service,incident-0094,cpu_saturation,True,7.49775975,validation,boosting_raw
development-101,auth-service,incident-0099,traffic_overload,True,9.580145700000001,validation,boosting_raw
development-101,auth-service,incident-0101,database_degradation,True,9.066553449999999,validation,boosting_raw
development-101,catalog-service,incident-0084,memory_leak,True,7.269835066666667,validation,boosting_raw
development-101,catalog-service,incident-0090,cpu_saturation,True,6.2570587,validation,boosting_raw
development-101,catalog-service,incident-0093,memory_leak,True,8.267464499999999,validation,boosting_raw
development-101,catalog-service,incident-0097,database_degradation,True,9.67784365,validation,boosting_raw
development-101,catalog-service,incident-0100,memory_leak,True,9.452034433333333,validation,boosting_raw
development-101,search-service,incident-0085,memory_leak,True,9.47487915,validation,boosting_raw
development-101,search-service,incident-0091,memory_leak,True,9.487862483333334,validation,boosting_raw
development-101,search-service,incident-0092,traffic_overload,True,7.044307383333333,validation,boosting_raw
development-101,search-service,incident-0098,traffic_overload,True,7.6351784,validation,boosting_raw
development-101,search-service,incident-0102,cpu_saturation,True,9.067268633333333,validation,boosting_raw
development-202,api-gateway,incident-0085,database_degradation,True,8.889798766666667,validation,boosting_raw
development-202,api-gateway,incident-0089,memory_leak,True,3.8851858666666668,validation,boosting_raw
development-202,api-gateway,incident-0093,memory_leak,True,6.181075933333333,validation,boosting_raw
development-202,api-gateway,incident-0097,traffic_overload,True,9.594692066666665,validation,boosting_raw
development-202,api-gateway,incident-0102,memory_leak,True,9.514129533333334,validation,boosting_raw
development-202,auth-service,incident-0086,cpu_saturation,True,8.46183135,validation,boosting_raw
development-202,auth-service,incident-0090,traffic_overload,True,7.790934333333333,validation,boosting_raw
development-202,auth-service,incident-0094,traffic_overload,True,8.575508783333333,validation,boosting_raw
development-202,auth-service,incident-0098,traffic_overload,True,9.61840085,validation,boosting_raw
development-202,auth-service,incident-0100,cpu_saturation,True,9.61964,validation,boosting_raw
development-202,catalog-service,incident-0087,memory_leak,True,7.567727883333333,validation,boosting_raw
development-202,catalog-service,incident-0088,database_degradation,True,9.723915066666667,validation,boosting_raw
development-202,catalog-service,incident-0092,cpu_saturation,True,7.077544683333333,validation,boosting_raw
development-202,catalog-service,incident-0096,memory_leak,True,9.951804016666667,validation,boosting_raw
development-202,catalog-service,incident-0101,cpu_saturation,True,9.458357416666667,validation,boosting_raw
development-202,search-service,incident-0084,database_degradation,True,9.933915983333332,validation,boosting_raw
development-202,search-service,incident-0091,traffic_overload,True,9.66234245,validation,boosting_raw
development-202,search-service,incident-0095,cpu_saturation,True,6.224112116666666,validation,boosting_raw
development-202,search-service,incident-0099,database_degradation,True,9.20353115,validation,boosting_raw
development-202,search-service,incident-0103,traffic_overload,True,9.118375216666667,validation,boosting_raw
development-303,api-gateway,incident-0084,traffic_overload,True,4.755285383333333,validation,boosting_raw
development-303,api-gateway,incident-0091,cpu_saturation,True,7.1003024833333335,validation,boosting_raw
development-303,api-gateway,incident-0092,memory_leak,True,7.507281266666666,validation,boosting_raw
development-303,api-gateway,incident-0097,memory_leak,True,7.8458626,validation,boosting_raw
development-303,api-gateway,incident-0103,memory_leak,True,8.286178516666666,validation,boosting_raw
development-303,auth-service,incident-0086,traffic_overload,True,7.213928999999999,validation,boosting_raw
development-303,auth-service,incident-0090,database_degradation,True,9.2859865,validation,boosting_raw
development-303,auth-service,incident-0093,cpu_saturation,True,9.800050950000001,validation,boosting_raw
development-303,auth-service,incident-0098,traffic_overload,True,7.604748766666666,validation,boosting_raw
development-303,auth-service,incident-0102,database_degradation,True,8.629513433333333,validation,boosting_raw
development-303,catalog-service,incident-0085,traffic_overload,True,7.706127749999999,validation,boosting_raw
development-303,catalog-service,incident-0089,traffic_overload,True,3.28280395,validation,boosting_raw
development-303,catalog-service,incident-0095,cpu_saturation,True,9.1317032,validation,boosting_raw
development-303,catalog-service,incident-0096,traffic_overload,True,9.589007500000001,validation,boosting_raw
development-303,catalog-service,incident-0101,memory_leak,True,7.531886683333334,validation,boosting_raw
development-303,search-service,incident-0087,cpu_saturation,True,9.248973733333335,validation,boosting_raw
development-303,search-service,incident-0088,database_degradation,True,9.270470683333334,validation,boosting_raw
development-303,search-service,incident-0094,database_degradation,True,9.042721199999999,validation,boosting_raw
development-303,search-service,incident-0099,memory_leak,True,9.795076016666666,validation,boosting_raw
development-303,search-service,incident-0100,database_degradation,True,7.149482466666667,validation,boosting_raw
development-101,api-gateway,incident-0086,cpu_saturation,True,2.02504595,validation,boosting_sigmoid
development-101,api-gateway,incident-0089,memory_leak,True,6.830602866666666,validation,boosting_sigmoid
development-101,api-gateway,incident-0095,database_degradation,True,8.730233233333333,validation,boosting_sigmoid
development-101,api-gateway,incident-0096,database_degradation,True,8.760837,validation,boosting_sigmoid
development-101,api-gateway,incident-0103,database_degradation,True,9.313151466666666,validation,boosting_sigmoid
development-101,auth-service,incident-0087,database_degradation,True,8.819604433333334,validation,boosting_sigmoid
development-101,auth-service,incident-0088,traffic_overload,True,7.874868533333333,validation,boosting_sigmoid
development-101,auth-service,incident-0094,cpu_saturation,True,7.49775975,validation,boosting_sigmoid
development-101,auth-service,incident-0099,traffic_overload,True,9.580145700000001,validation,boosting_sigmoid
development-101,auth-service,incident-0101,database_degradation,True,9.066553449999999,validation,boosting_sigmoid
development-101,catalog-service,incident-0084,memory_leak,True,7.269835066666667,validation,boosting_sigmoid
development-101,catalog-service,incident-0090,cpu_saturation,True,6.2570587,validation,boosting_sigmoid
development-101,catalog-service,incident-0093,memory_leak,True,7.2674645,validation,boosting_sigmoid
development-101,catalog-service,incident-0097,database_degradation,True,9.67784365,validation,boosting_sigmoid
development-101,catalog-service,incident-0100,memory_leak,True,9.452034433333333,validation,boosting_sigmoid
development-101,search-service,incident-0085,memory_leak,True,9.47487915,validation,boosting_sigmoid
development-101,search-service,incident-0091,memory_leak,True,9.487862483333334,validation,boosting_sigmoid
development-101,search-service,incident-0092,traffic_overload,True,5.044307383333333,validation,boosting_sigmoid
development-101,search-service,incident-0098,traffic_overload,True,7.6351784,validation,boosting_sigmoid
development-101,search-service,incident-0102,cpu_saturation,True,9.067268633333333,validation,boosting_sigmoid
development-202,api-gateway,incident-0085,database_degradation,True,8.889798766666667,validation,boosting_sigmoid
development-202,api-gateway,incident-0089,memory_leak,True,3.8851858666666668,validation,boosting_sigmoid
development-202,api-gateway,incident-0093,memory_leak,True,6.181075933333333,validation,boosting_sigmoid
development-202,api-gateway,incident-0097,traffic_overload,True,9.594692066666665,validation,boosting_sigmoid
development-202,api-gateway,incident-0102,memory_leak,True,9.514129533333334,validation,boosting_sigmoid
development-202,auth-service,incident-0086,cpu_saturation,True,8.46183135,validation,boosting_sigmoid
development-202,auth-service,incident-0090,traffic_overload,True,7.790934333333333,validation,boosting_sigmoid
development-202,auth-service,incident-0094,traffic_overload,True,8.575508783333333,validation,boosting_sigmoid
development-202,auth-service,incident-0098,traffic_overload,True,9.61840085,validation,boosting_sigmoid
development-202,auth-service,incident-0100,cpu_saturation,True,9.61964,validation,boosting_sigmoid
development-202,catalog-service,incident-0087,memory_leak,True,7.567727883333333,validation,boosting_sigmoid
development-202,catalog-service,incident-0088,database_degradation,True,9.723915066666667,validation,boosting_sigmoid
development-202,catalog-service,incident-0092,cpu_saturation,True,7.077544683333333,validation,boosting_sigmoid
development-202,catalog-service,incident-0096,memory_leak,True,9.951804016666667,validation,boosting_sigmoid
development-202,catalog-service,incident-0101,cpu_saturation,True,9.458357416666667,validation,boosting_sigmoid
development-202,search-service,incident-0084,database_degradation,True,9.933915983333332,validation,boosting_sigmoid
development-202,search-service,incident-0091,traffic_overload,True,9.66234245,validation,boosting_sigmoid
development-202,search-service,incident-0095,cpu_saturation,True,6.224112116666666,validation,boosting_sigmoid
development-202,search-service,incident-0099,database_degradation,True,9.20353115,validation,boosting_sigmoid
development-202,search-service,incident-0103,traffic_overload,True,9.118375216666667,validation,boosting_sigmoid
development-303,api-gateway,incident-0084,traffic_overload,True,4.755285383333333,validation,boosting_sigmoid
development-303,api-gateway,incident-0091,cpu_saturation,True,7.1003024833333335,validation,boosting_sigmoid
development-303,api-gateway,incident-0092,memory_leak,True,7.507281266666666,validation,boosting_sigmoid
development-303,api-gateway,incident-0097,memory_leak,True,7.8458626,validation,boosting_sigmoid
development-303,api-gateway,incident-0103,memory_leak,True,8.286178516666666,validation,boosting_sigmoid
development-303,auth-service,incident-0086,traffic_overload,True,6.213928999999999,validation,boosting_sigmoid
development-303,auth-service,incident-0090,database_degradation,True,9.2859865,validation,boosting_sigmoid
development-303,auth-service,incident-0093,cpu_saturation,True,9.800050950000001,validation,boosting_sigmoid
development-303,auth-service,incident-0098,traffic_overload,True,7.604748766666666,validation,boosting_sigmoid
development-303,auth-service,incident-0102,database_degradation,True,8.629513433333333,validation,boosting_sigmoid
development-303,catalog-service,incident-0085,traffic_overload,True,7.706127749999999,validation,boosting_sigmoid
development-303,catalog-service,incident-0089,traffic_overload,True,3.28280395,validation,boosting_sigmoid
development-303,catalog-service,incident-0095,cpu_saturation,True,9.1317032,validation,boosting_sigmoid
development-303,catalog-service,incident-0096,traffic_overload,True,9.589007500000001,validation,boosting_sigmoid
development-303,catalog-service,incident-0101,memory_leak,True,7.531886683333334,validation,boosting_sigmoid
development-303,search-service,incident-0087,cpu_saturation,True,9.248973733333335,validation,boosting_sigmoid
development-303,search-service,incident-0088,database_degradation,True,9.270470683333334,validation,boosting_sigmoid
development-303,search-service,incident-0094,database_degradation,True,9.042721199999999,validation,boosting_sigmoid
development-303,search-service,incident-0099,memory_leak,True,9.795076016666666,validation,boosting_sigmoid
development-303,search-service,incident-0100,database_degradation,True,5.149482466666667,validation,boosting_sigmoid
development-101,api-gateway,incident-0086,cpu_saturation,True,9.025045949999999,validation,logistic_raw
development-101,api-gateway,incident-0089,memory_leak,True,9.830602866666668,validation,logistic_raw
development-101,api-gateway,incident-0095,database_degradation,True,9.730233233333333,validation,logistic_raw
development-101,api-gateway,incident-0096,database_degradation,True,9.760837,validation,logistic_raw
development-101,api-gateway,incident-0103,database_degradation,True,9.313151466666666,validation,logistic_raw
development-101,auth-service,incident-0087,database_degradation,True,9.819604433333334,validation,logistic_raw
development-101,auth-service,incident-0088,traffic_overload,True,9.874868533333334,validation,logistic_raw
development-101,auth-service,incident-0094,cpu_saturation,True,9.49775975,validation,logistic_raw
development-101,auth-service,incident-0099,traffic_overload,True,9.580145700000001,validation,logistic_raw
development-101,auth-service,incident-0101,database_degradation,True,9.066553449999999,validation,logistic_raw
development-101,catalog-service,incident-0084,memory_leak,True,9.269835066666667,validation,logistic_raw
development-101,catalog-service,incident-0090,cpu_saturation,True,9.2570587,validation,logistic_raw
development-101,catalog-service,incident-0093,memory_leak,True,9.267464499999999,validation,logistic_raw
development-101,catalog-service,incident-0097,database_degradation,True,9.67784365,validation,logistic_raw
development-101,catalog-service,incident-0100,memory_leak,True,9.452034433333333,validation,logistic_raw
development-101,search-service,incident-0085,memory_leak,True,9.47487915,validation,logistic_raw
development-101,search-service,incident-0091,memory_leak,True,9.487862483333334,validation,logistic_raw
development-101,search-service,incident-0092,traffic_overload,True,9.044307383333335,validation,logistic_raw
development-101,search-service,incident-0098,traffic_overload,True,9.635178400000001,validation,logistic_raw
development-101,search-service,incident-0102,cpu_saturation,True,9.067268633333333,validation,logistic_raw
development-202,api-gateway,incident-0085,database_degradation,True,9.889798766666667,validation,logistic_raw
development-202,api-gateway,incident-0089,memory_leak,True,9.885185866666665,validation,logistic_raw
development-202,api-gateway,incident-0093,memory_leak,True,9.181075933333334,validation,logistic_raw
development-202,api-gateway,incident-0097,traffic_overload,True,9.594692066666665,validation,logistic_raw
development-202,api-gateway,incident-0102,memory_leak,True,9.514129533333334,validation,logistic_raw
development-202,auth-service,incident-0086,cpu_saturation,True,9.46183135,validation,logistic_raw
development-202,auth-service,incident-0090,traffic_overload,True,9.790934333333333,validation,logistic_raw
development-202,auth-service,incident-0094,traffic_overload,True,9.575508783333333,validation,logistic_raw
development-202,auth-service,incident-0098,traffic_overload,True,9.61840085,validation,logistic_raw
development-202,auth-service,incident-0100,cpu_saturation,True,9.61964,validation,logistic_raw
development-202,catalog-service,incident-0087,memory_leak,True,9.567727883333333,validation,logistic_raw
development-202,catalog-service,incident-0088,database_degradation,True,9.723915066666667,validation,logistic_raw
development-202,catalog-service,incident-0092,cpu_saturation,True,9.077544683333334,validation,logistic_raw
development-202,catalog-service,incident-0096,memory_leak,True,9.951804016666667,validation,logistic_raw
development-202,catalog-service,incident-0101,cpu_saturation,True,9.458357416666667,validation,logistic_raw
development-202,search-service,incident-0084,database_degradation,True,9.933915983333332,validation,logistic_raw
development-202,search-service,incident-0091,traffic_overload,True,9.66234245,validation,logistic_raw
development-202,search-service,incident-0095,cpu_saturation,True,9.224112116666667,validation,logistic_raw
development-202,search-service,incident-0099,database_degradation,True,9.20353115,validation,logistic_raw
development-202,search-service,incident-0103,traffic_overload,True,9.118375216666667,validation,logistic_raw
development-303,api-gateway,incident-0084,traffic_overload,True,9.755285383333334,validation,logistic_raw
development-303,api-gateway,incident-0091,cpu_saturation,True,9.100302483333333,validation,logistic_raw
development-303,api-gateway,incident-0092,memory_leak,True,9.507281266666666,validation,logistic_raw
development-303,api-gateway,incident-0097,memory_leak,True,9.8458626,validation,logistic_raw
development-303,api-gateway,incident-0103,memory_leak,True,9.286178516666666,validation,logistic_raw
development-303,auth-service,incident-0086,traffic_overload,True,9.213929,validation,logistic_raw
development-303,auth-service,incident-0090,database_degradation,True,9.2859865,validation,logistic_raw
development-303,auth-service,incident-0093,cpu_saturation,True,9.800050950000001,validation,logistic_raw
development-303,auth-service,incident-0098,traffic_overload,True,9.604748766666667,validation,logistic_raw
development-303,auth-service,incident-0102,database_degradation,True,9.629513433333333,validation,logistic_raw
development-303,catalog-service,incident-0085,traffic_overload,True,9.70612775,validation,logistic_raw
development-303,catalog-service,incident-0089,traffic_overload,True,9.28280395,validation,logistic_raw
development-303,catalog-service,incident-0095,cpu_saturation,True,9.1317032,validation,logistic_raw
development-303,catalog-service,incident-0096,traffic_overload,True,9.589007500000001,validation,logistic_raw
development-303,catalog-service,incident-0101,memory_leak,True,9.531886683333333,validation,logistic_raw
development-303,search-service,incident-0087,cpu_saturation,True,9.248973733333335,validation,logistic_raw
development-303,search-service,incident-0088,database_degradation,True,9.270470683333334,validation,logistic_raw
development-303,search-service,incident-0094,database_degradation,True,9.042721199999999,validation,logistic_raw
development-303,search-service,incident-0099,memory_leak,True,9.795076016666666,validation,logistic_raw
development-303,search-service,incident-0100,database_degradation,True,9.149482466666665,validation,logistic_raw
development-101,api-gateway,incident-0086,cpu_saturation,True,9.025045949999999,validation,logistic_sigmoid
development-101,api-gateway,incident-0089,memory_leak,True,9.830602866666668,validation,logistic_sigmoid
development-101,api-gateway,incident-0095,database_degradation,True,9.730233233333333,validation,logistic_sigmoid
development-101,api-gateway,incident-0096,database_degradation,True,9.760837,validation,logistic_sigmoid
development-101,api-gateway,incident-0103,database_degradation,True,9.313151466666666,validation,logistic_sigmoid
development-101,auth-service,incident-0087,database_degradation,True,9.819604433333334,validation,logistic_sigmoid
development-101,auth-service,incident-0088,traffic_overload,True,9.874868533333334,validation,logistic_sigmoid
development-101,auth-service,incident-0094,cpu_saturation,True,9.49775975,validation,logistic_sigmoid
development-101,auth-service,incident-0099,traffic_overload,True,9.580145700000001,validation,logistic_sigmoid
development-101,auth-service,incident-0101,database_degradation,True,9.066553449999999,validation,logistic_sigmoid
development-101,catalog-service,incident-0084,memory_leak,True,9.269835066666667,validation,logistic_sigmoid
development-101,catalog-service,incident-0090,cpu_saturation,True,9.2570587,validation,logistic_sigmoid
development-101,catalog-service,incident-0093,memory_leak,True,9.267464499999999,validation,logistic_sigmoid
development-101,catalog-service,incident-0097,database_degradation,True,9.67784365,validation,logistic_sigmoid
development-101,catalog-service,incident-0100,memory_leak,True,9.452034433333333,validation,logistic_sigmoid
development-101,search-service,incident-0085,memory_leak,True,9.47487915,validation,logistic_sigmoid
development-101,search-service,incident-0091,memory_leak,True,9.487862483333334,validation,logistic_sigmoid
development-101,search-service,incident-0092,traffic_overload,True,9.044307383333335,validation,logistic_sigmoid
development-101,search-service,incident-0098,traffic_overload,True,9.635178400000001,validation,logistic_sigmoid
development-101,search-service,incident-0102,cpu_saturation,True,9.067268633333333,validation,logistic_sigmoid
development-202,api-gateway,incident-0085,database_degradation,True,9.889798766666667,validation,logistic_sigmoid
development-202,api-gateway,incident-0089,memory_leak,True,9.885185866666665,validation,logistic_sigmoid
development-202,api-gateway,incident-0093,memory_leak,True,9.181075933333334,validation,logistic_sigmoid
development-202,api-gateway,incident-0097,traffic_overload,True,9.594692066666665,validation,logistic_sigmoid
development-202,api-gateway,incident-0102,memory_leak,True,9.514129533333334,validation,logistic_sigmoid
development-202,auth-service,incident-0086,cpu_saturation,True,9.46183135,validation,logistic_sigmoid
development-202,auth-service,incident-0090,traffic_overload,True,9.790934333333333,validation,logistic_sigmoid
development-202,auth-service,incident-0094,traffic_overload,True,9.575508783333333,validation,logistic_sigmoid
development-202,auth-service,incident-0098,traffic_overload,True,9.61840085,validation,logistic_sigmoid
development-202,auth-service,incident-0100,cpu_saturation,True,9.61964,validation,logistic_sigmoid
development-202,catalog-service,incident-0087,memory_leak,True,9.567727883333333,validation,logistic_sigmoid
development-202,catalog-service,incident-0088,database_degradation,True,9.723915066666667,validation,logistic_sigmoid
development-202,catalog-service,incident-0092,cpu_saturation,True,9.077544683333334,validation,logistic_sigmoid
development-202,catalog-service,incident-0096,memory_leak,True,9.951804016666667,validation,logistic_sigmoid
development-202,catalog-service,incident-0101,cpu_saturation,True,9.458357416666667,validation,logistic_sigmoid
development-202,search-service,incident-0084,database_degradation,True,9.933915983333332,validation,logistic_sigmoid
development-202,search-service,incident-0091,traffic_overload,True,9.66234245,validation,logistic_sigmoid
development-202,search-service,incident-0095,cpu_saturation,True,9.224112116666667,validation,logistic_sigmoid
development-202,search-service,incident-0099,database_degradation,True,9.20353115,validation,logistic_sigmoid
development-202,search-service,incident-0103,traffic_overload,True,9.118375216666667,validation,logistic_sigmoid
development-303,api-gateway,incident-0084,traffic_overload,True,9.755285383333334,validation,logistic_sigmoid
development-303,api-gateway,incident-0091,cpu_saturation,True,9.100302483333333,validation,logistic_sigmoid
development-303,api-gateway,incident-0092,memory_leak,True,9.507281266666666,validation,logistic_sigmoid
development-303,api-gateway,incident-0097,memory_leak,True,9.8458626,validation,logistic_sigmoid
development-303,api-gateway,incident-0103,memory_leak,True,9.286178516666666,validation,logistic_sigmoid
development-303,auth-service,incident-0086,traffic_overload,True,9.213929,validation,logistic_sigmoid
development-303,auth-service,incident-0090,database_degradation,True,9.2859865,validation,logistic_sigmoid
development-303,auth-service,incident-0093,cpu_saturation,True,9.800050950000001,validation,logistic_sigmoid
development-303,auth-service,incident-0098,traffic_overload,True,9.604748766666667,validation,logistic_sigmoid
development-303,auth-service,incident-0102,database_degradation,True,9.629513433333333,validation,logistic_sigmoid
development-303,catalog-service,incident-0085,traffic_overload,True,9.70612775,validation,logistic_sigmoid
development-303,catalog-service,incident-0089,traffic_overload,True,9.28280395,validation,logistic_sigmoid
development-303,catalog-service,incident-0095,cpu_saturation,True,9.1317032,validation,logistic_sigmoid
development-303,catalog-service,incident-0096,traffic_overload,True,9.589007500000001,validation,logistic_sigmoid
development-303,catalog-service,incident-0101,memory_leak,True,9.531886683333333,validation,logistic_sigmoid
development-303,search-service,incident-0087,cpu_saturation,True,9.248973733333335,validation,logistic_sigmoid
development-303,search-service,incident-0088,database_degradation,True,9.270470683333334,validation,logistic_sigmoid
development-303,search-service,incident-0094,database_degradation,True,9.042721199999999,validation,logistic_sigmoid
development-303,search-service,incident-0099,memory_leak,True,9.795076016666666,validation,logistic_sigmoid
development-303,search-service,incident-0100,database_degradation,True,9.149482466666665,validation,logistic_sigmoid
development-101,api-gateway,incident-0086,cpu_saturation,True,9.025045949999999,validation,prevalence_raw
development-101,api-gateway,incident-0089,memory_leak,True,9.830602866666668,validation,prevalence_raw
development-101,api-gateway,incident-0095,database_degradation,True,9.730233233333333,validation,prevalence_raw
development-101,api-gateway,incident-0096,database_degradation,True,9.760837,validation,prevalence_raw
development-101,api-gateway,incident-0103,database_degradation,True,9.313151466666666,validation,prevalence_raw
development-101,auth-service,incident-0087,database_degradation,True,9.819604433333334,validation,prevalence_raw
development-101,auth-service,incident-0088,traffic_overload,True,9.874868533333334,validation,prevalence_raw
development-101,auth-service,incident-0094,cpu_saturation,True,9.49775975,validation,prevalence_raw
development-101,auth-service,incident-0099,traffic_overload,True,9.580145700000001,validation,prevalence_raw
development-101,auth-service,incident-0101,database_degradation,True,9.066553449999999,validation,prevalence_raw
development-101,catalog-service,incident-0084,memory_leak,True,9.269835066666667,validation,prevalence_raw
development-101,catalog-service,incident-0090,cpu_saturation,True,9.2570587,validation,prevalence_raw
development-101,catalog-service,incident-0093,memory_leak,True,9.267464499999999,validation,prevalence_raw
development-101,catalog-service,incident-0097,database_degradation,True,9.67784365,validation,prevalence_raw
development-101,catalog-service,incident-0100,memory_leak,True,9.452034433333333,validation,prevalence_raw
development-101,search-service,incident-0085,memory_leak,True,9.47487915,validation,prevalence_raw
development-101,search-service,incident-0091,memory_leak,True,9.487862483333334,validation,prevalence_raw
development-101,search-service,incident-0092,traffic_overload,True,9.044307383333335,validation,prevalence_raw
development-101,search-service,incident-0098,traffic_overload,True,9.635178400000001,validation,prevalence_raw
development-101,search-service,incident-0102,cpu_saturation,True,9.067268633333333,validation,prevalence_raw
development-202,api-gateway,incident-0085,database_degradation,True,9.889798766666667,validation,prevalence_raw
development-202,api-gateway,incident-0089,memory_leak,True,9.885185866666665,validation,prevalence_raw
development-202,api-gateway,incident-0093,memory_leak,True,9.181075933333334,validation,prevalence_raw
development-202,api-gateway,incident-0097,traffic_overload,True,9.594692066666665,validation,prevalence_raw
development-202,api-gateway,incident-0102,memory_leak,True,9.514129533333334,validation,prevalence_raw
development-202,auth-service,incident-0086,cpu_saturation,True,9.46183135,validation,prevalence_raw
development-202,auth-service,incident-0090,traffic_overload,True,9.790934333333333,validation,prevalence_raw
development-202,auth-service,incident-0094,traffic_overload,True,9.575508783333333,validation,prevalence_raw
development-202,auth-service,incident-0098,traffic_overload,True,9.61840085,validation,prevalence_raw
development-202,auth-service,incident-0100,cpu_saturation,True,9.61964,validation,prevalence_raw
development-202,catalog-service,incident-0087,memory_leak,True,9.567727883333333,validation,prevalence_raw
development-202,catalog-service,incident-0088,database_degradation,True,9.723915066666667,validation,prevalence_raw
development-202,catalog-service,incident-0092,cpu_saturation,True,9.077544683333334,validation,prevalence_raw
development-202,catalog-service,incident-0096,memory_leak,True,9.951804016666667,validation,prevalence_raw
development-202,catalog-service,incident-0101,cpu_saturation,True,9.458357416666667,validation,prevalence_raw
development-202,search-service,incident-0084,database_degradation,True,9.933915983333332,validation,prevalence_raw
development-202,search-service,incident-0091,traffic_overload,True,9.66234245,validation,prevalence_raw
development-202,search-service,incident-0095,cpu_saturation,True,9.224112116666667,validation,prevalence_raw
development-202,search-service,incident-0099,database_degradation,True,9.20353115,validation,prevalence_raw
development-202,search-service,incident-0103,traffic_overload,True,9.118375216666667,validation,prevalence_raw
development-303,api-gateway,incident-0084,traffic_overload,True,9.755285383333334,validation,prevalence_raw
development-303,api-gateway,incident-0091,cpu_saturation,True,9.100302483333333,validation,prevalence_raw
development-303,api-gateway,incident-0092,memory_leak,True,9.507281266666666,validation,prevalence_raw
development-303,api-gateway,incident-0097,memory_leak,True,9.8458626,validation,prevalence_raw
development-303,api-gateway,incident-0103,memory_leak,True,9.286178516666666,validation,prevalence_raw
development-303,auth-service,incident-0086,traffic_overload,True,9.213929,validation,prevalence_raw
development-303,auth-service,incident-0090,database_degradation,True,9.2859865,validation,prevalence_raw
development-303,auth-service,incident-0093,cpu_saturation,True,9.800050950000001,validation,prevalence_raw
development-303,auth-service,incident-0098,traffic_overload,True,9.604748766666667,validation,prevalence_raw
development-303,auth-service,incident-0102,database_degradation,True,9.629513433333333,validation,prevalence_raw
development-303,catalog-service,incident-0085,traffic_overload,True,9.70612775,validation,prevalence_raw
development-303,catalog-service,incident-0089,traffic_overload,True,9.28280395,validation,prevalence_raw
development-303,catalog-service,incident-0095,cpu_saturation,True,9.1317032,validation,prevalence_raw
development-303,catalog-service,incident-0096,traffic_overload,True,9.589007500000001,validation,prevalence_raw
development-303,catalog-service,incident-0101,memory_leak,True,9.531886683333333,validation,prevalence_raw
development-303,search-service,incident-0087,cpu_saturation,True,9.248973733333335,validation,prevalence_raw
development-303,search-service,incident-0088,database_degradation,True,9.270470683333334,validation,prevalence_raw
development-303,search-service,incident-0094,database_degradation,True,9.042721199999999,validation,prevalence_raw
development-303,search-service,incident-0099,memory_leak,True,9.795076016666666,validation,prevalence_raw
development-303,search-service,incident-0100,database_degradation,True,9.149482466666665,validation,prevalence_raw
